"name","kana","age","birthday","gender","blood_type","email","tel","mobile","postal_code","address","company"
"津田 裕人","つだ ひろと",87,"1938年11月30日","その他・不明","A","tsudahiroto@example.ne.jp","03-6513-6612","090-4085-0194","107-2568","東京都墨田区墨田1-2-707",""
"當山 秀基","とうやま ひでき",57,"1969年04月08日","男","O","hidekitoyama@example.co.jp","0896-76-0978","050-7587-8074","797-5993","愛媛県松山市和泉南2-4-22","有限会社エムテック"
"上野 雅敏","うえの まさとし",80,"1946年09月10日","男","A","ueno_masatoshi@example.net","03-1167-1386","050-2349-8120","142-2643","東京都中央区銀座3-2-9",""
"小山 敬祐","こやま けいすけ",24,"2002年01月19日","男","A","keisukekoyama@example.co.jp","03-3954-9019","070-5091-1056","156-7648","東京都品川区小山3-5-3モンテベルデ612","有限会社アクア"
"小野 将也","おの まさなり",34,"1992年03月23日","男","O","onomasanari@example.co.jp","03-0296-3819","090-4183-8214","148-6705","東京都板橋区板橋2-1-5",""
"大江 正","おおえ ただし",22,"2003年10月29日","男","O","oe_1029@example.co.jp","06-8946-9497","080-9444-0752","573-3805","大阪府大阪市生野区林寺3-2-16","有限会社誠和"
"引地 淳","ひきち じゅん",94,"1931年12月12日","その他・不明","AB","jun_hikichi@example.co.jp","03-1923-1044","050-9318-1961","142-1768","東京都品川区東五反田3-2-9ザ・パークハウス403",""
"渡邊 章太郎","わたなべ しょうたろう",42,"1983年10月13日","男","B","watanabe_1013@example.ne.jp","0134-54-9522","080-3426-2642","084-3940","北海道札幌市手稲区明日風1-5-5ドムールコスモス712","株式会社CORE"
"松田 綾子","まつだ あやこ",76,"1950年02月06日","女","O","ayakomatsuda@example.net","03-1286-1499","090-3008-6074","184-0383","東京都調布市調布ケ丘2-1-6",""
"田原 宏典","たはら こうすけ",111,"1914年12月11日","男","A","tahara_kosuke@example.com","0465-87-0083","070-3496-4378","211-3312","神奈川県横浜市中区元町2-3-8",""
"有賀 彩加","ありが あやか",67,"1958年10月05日","女","A","ayakaariga@example.org","0438-58-4159","090-1421-1274","269-1364","千葉県船橋市本町1-5-9",""
"森 仁","もり ひとし",68,"1958年01月19日","男","O","morihitoshi@example.ne.jp","0954-72-2349","080-5722-8272","847-1769","佐賀県佐賀市神野東4-3-4クレアコート716",""
"栗原 真由","くりはら まゆき",118,"1908年02月29日","男","A","kurihara_229@example.ne.jp","0478-26-5036","080-2532-8830","298-1718","千葉県浦安市北栄2-1-9",""
"望月 理恵","もちづき りえ",67,"1959年09月08日","女","A","mochizuki_rie@example.ne.jp","06-6256-8407","090-7348-7612","567-2054","大阪府大阪市浪速区日本橋1-2-15",""
"坂本 康","さかもと やすし",62,"1964年04月14日","男","O","yasushi_sakamoto@example.jp","0544-03-8110","050-6890-9089","435-0088","静岡県浜松市中区高丘西1-3-21",""
"田中 和弘","たなか かずひろ",82,"1944年03月24日","男","A","tanaka324@example.org","06-2067-5747","080-4758-4329","581-7824","大阪府八尾市曙川東3-1-9ザ・ステイツ512",""
"荒尾 耕平","あらお こうへい",72,"1954年04月30日","男","A","arao430@example.ne.jp","0980-08-6700","070-0384-8334","900-9147","沖縄県宜野湾市野嵩2-3-9",""
"吉冨 卓史","よしとみ たかし",101,"1925年09月04日","男","O","takashi_yoshitomi@example.jp","03-1302-6775","050-0941-4277","189-1000","東京都港区三田2-2-8エルズ606",""
"山田 主税","やまだ ちから",78,"1948年03月07日","男","B","chikara_yamada@example.co.jp","03-7115-7015","090-5450-9146","137-0690","東京都世田谷区太子堂1-1-16ヴェルドール813",""
"前川 貴之","まえかわ たかゆき",96,"1929年12月01日","男","A","takayuki_maekawa@example.co.jp","0479-06-6203","070-5970-1317","299-6649","千葉県船橋市南三咲2-1-12",""
"石川 美紀","いしかわ みき",30,"1996年08月25日","女","O","ishikawa_miki@example.ne.jp","03-3310-5404","070-3318-9927","137-2317","東京都狛江市西野川3-2-21",""
"山崎 恵子","やまざき けいこ",75,"1951年01月03日","女","A","yamazakikeiko@example.jp","0480-35-8749","090-4425-8074","334-3387","埼玉県加須市花崎北2-1-5",""
"小野 明男","おの あきお",80,"1946年01月10日","男","O","ono_akio@example.org","048-268-0927","090-4785-4019","355-4933","埼玉県新座市野火止4-3-3",""
"安村 喜則","やすむら よしのり",103,"1923年07月30日","男","O","yoshinoriyasumura@example.jp","0235-25-1502","080-5535-7723","990-1328","山形県米沢市通町3-2-19",""
"西澤 哲矢","にしざわ てつや",48,"1977年11月25日","男","A","nishizawa1125@example.co.jp","045-452-3657","050-5712-8318","224-0984","神奈川県相模原市南区南台2-1-8","有限会社丸福"
"宮野 治子","みやの はるこ",63,"1963年01月19日","女","O","haruko_miyano@example.co.jp","0533-78-6266","070-9452-4376","461-4152","愛知県名古屋市中区栄1-5-15プラネ609",""
"田中 麻未","たなか まみ",82,"1943年11月02日","その他・不明","A","tanaka112@example.org","03-0122-6862","050-7726-2515","110-5285","東京都港区芝浦1-3-4",""
"山口 美幸","やまぐち みゆき",45,"1981年03月01日","女","A","yamaguchi31@example.com","03-7308-5868","070-7884-9548","148-1058","東京都葛飾区新小岩3-4-19","有限会社ループ"
"北村 孝充","きたむら たかみつ",30,"1996年08月14日","男","O","kitamuratakamitsu@example.ne.jp","0763-33-9316","080-9524-7950","937-7445","富山県富山市二口町1-2-709プランヴェール713","合名会社日窓"
"帆足 啓司","ほあし けいじ",112,"1914年03月19日","男","B","hoashi_keiji@example.jp","0824-71-3075","080-7159-3496","736-3666","広島県呉市西中央2-1-8ルジェンテ・リベル612",""
"武藤 将","むとう まさる",77,"1949年06月22日","男","B","masarumuto@example.co.jp","0996-68-9815","080-7579-9463","899-8915","鹿児島県鹿児島市唐湊2-1-3スターハイツ215",""
"岡 隆一","おか りゅういち",25,"2000年11月05日","男","B","oka115@example.org","0467-55-8802","050-2770-7387","231-3064","神奈川県横浜市鶴見区鶴見中央2-2-21","エムテック株式会社"
"上田 一弘","うえだ かずひろ",66,"1959年12月28日","男","B","ueda1228@example.com","0460-46-3234","090-9681-4157","212-4126","神奈川県横浜市中区海岸通2-3-6",""
"佐野 和男","さの かずお",69,"1957年01月14日","男","A","sano114@example.net","0229-25-8966","070-3571-5393","983-7549","宮城県仙台市青葉区桜ケ丘1-4-10",""
"松本 英子","まつもと ひでこ",23,"2003年08月13日","女","AB","hideko_matsumoto@example.co.jp","06-3382-7830","090-5625-9697","554-9740","大阪府大阪市生野区生野西1-1-13","株式会社フジイ"
"大和 佳祐","やまと けいすけ",81,"1944年12月31日","男","A","yamato_1231@example.co.jp","03-1872-6888","080-7835-4797","100-4171","東京都武蔵野市吉祥寺南町3-1-704",""
"伊東 翔","いとう しょう",81,"1945年08月18日","男","O","shou_ito@example.net","0948-38-3327","080-3086-2479","833-1778","福岡県那珂川市中原2-4-708",""
"樋口 亮","ひぐち りょう",48,"1977年12月27日","男","A","ryouhiguchi@example.jp","03-9779-9960","070-4959-4947","100-5302","東京都東村山市多摩湖町3-3-9","株式会社鈴木工業"
"上田 結衣","うえだ ゆい",58,"1968年08月01日","女","A","ueda81@example.org","06-9732-1315","090-9760-3455","577-3816","大阪府大阪市浪速区桜川2-1-203",""
"荒井 通子","あらい みちこ",119,"1907年04月22日","女","O","michiko_arai@example.jp","0858-71-5549","070-0065-6411","687-2352","鳥取県鳥取市千代水2-5-18ラウムズ702",""
"大屋 泰史","おおや ひろふみ",55,"1970年12月09日","男","O","oya129@example.ne.jp","0561-44-8606","070-8327-2527","486-2601","愛知県刈谷市中山町1-2-304","株式会社大新"
"岩藤 斉","いわふじ ひとし",118,"1907年10月12日","男","A","iwafuji_hitoshi@example.com","0167-36-8581","080-1358-6296","064-3541","北海道札幌市西区二十四軒三条1-5-22",""
"緒方 武志","おがた たけし",35,"1991年06月23日","男","O","ogata623@example.org","03-9713-8240","090-4263-8262","131-3632","東京都世田谷区上野毛1-4-13ジョイフル815","株式会社アスカ"
"広野 君枝","ひろの きみえ",41,"1985年01月25日","女","O","kimie_hirono@example.jp","0494-00-1998","070-6410-7396","366-7694","埼玉県さいたま市大宮区三橋4-2-5","合名会社横山製綿所"
"佐々木 清秀","ささき きよひで",46,"1980年04月04日","男","A","sasaki44@example.co.jp","0796-63-8982","050-4021-6243","654-4080","兵庫県神戸市中央区磯上通2-3-11","株式会社ジャスト"
"西里 伸子","にしざと のぶこ",114,"1912年09月13日","女","A","nobukonishizato@example.net","0436-61-1885","050-3107-0368","283-4302","千葉県市原市五井西3-2-6",""
"太田 由香子","おおた ゆかこ",53,"1973年06月24日","女","A","ota_624@example.co.jp","04-7340-2022","080-0522-6727","275-4432","千葉県千葉市若葉区みつわ台1-2-8",""
"濱上 孝一郎","はまがみ こういちろう",120,"1906年02月24日","男","B","hamagami_224@example.ne.jp","03-8231-6887","080-1029-9040","140-1988","東京都墨田区緑2-5-209",""
"尾関 晃治","おぜき こうじ",83,"1942年12月29日","その他・不明","A","koji_ozeki@example.org","0470-79-9759","050-5066-2505","267-8250","千葉県柏市あけぼの2-1-7",""
"中村 喜之","なかむら のぶゆき",86,"1940年05月18日","男","O","nobuyukinakamura@example.org","0848-45-0836","050-7732-7087","735-3830","広島県福山市川口町1-2-12",""
"林 志織","はやし しおり",91,"1935年09月07日","女","A","hayashi_97@example.ne.jp","0977-67-5871","090-2760-1138","871-4331","大分県別府市石垣東1-4-8",""
"坂元 麻里子","さかもと まりこ",30,"1995年12月11日","女","AB","sakamoto_mariko@example.net","03-8095-4561","080-2340-3947","157-1805","東京都墨田区江東橋3-1-106","合資会社インターハーツ"
"平間 慧","ひらま けい",103,"1922年12月05日","男","A","keihirama@example.ne.jp","03-5647-1905","070-5478-3985","194-1895","東京都台東区台東1-5-12",""
"阿部 正彦","あべ まさひこ",71,"1955年08月26日","男","AB","abemasahiko@example.co.jp","03-7427-0310","070-7048-5463","113-9340","東京都町田市原町田2-3-9",""
"柳 史也","やなぎ のぶや",52,"1974年05月03日","男","O","yanagi53@example.jp","0736-26-3701","090-9459-4823","640-6211","和歌山県和歌山市湊3-1-6","株式会社グローイング"
"金森 真理子","かなもり まりこ",47,"1979年03月13日","女","A","mariko_kanamori@example.ne.jp","03-1981-3213","070-6983-4170","205-6405","東京都台東区根岸3-3-12","第一産業株式会社"
"小嶋 静香","こじま しずか",68,"1958年05月12日","女","A","kojima_512@example.org","0463-24-2598","050-4413-0790","238-3773","神奈川県相模原市南区上鶴間本町1-1-9",""
"真鍋 美香","まなべ みか",100,"1926年07月29日","女","B","mikamanabe@example.co.jp","05979-4-6413","050-0456-8518","519-6798","三重県四日市市日永3-5-15クレアヒルズ412",""
"中村 良文","なかむら よしふみ",114,"1912年01月21日","男","A","nakamurayoshifumi@example.net","03-9621-6909","050-5075-4979","165-2123","東京都荒川区東日暮里3-3-9",""
"吉成 丈士","よしなり たけし",105,"1921年05月13日","男","B","takeshiyoshinari@example.com","093-436-6172","080-4434-3922","806-7567","福岡県大牟田市本町1-1-18",""
"横川 泰子","よこかわ やすこ",83,"1943年05月09日","女","A","yokokawa59@example.co.jp","03-2209-1651","080-0680-7553","161-3147","東京都杉並区高円寺南4-1-5フラット801",""
"中谷 一茂","なかたに かずしげ",75,"1951年03月08日","男","A","nakatanikazushige@example.ne.jp","03-9714-6874","070-1632-0787","204-0374","東京都中央区日本橋室町1-5-19",""
"瀬戸口 美帆","せとぐち みほ",120,"1905年11月12日","女","A","mihosetoguchi@example.ne.jp","0460-51-8812","080-5205-2159","210-1658","神奈川県相模原市中央区清新1-5-22ビューハイツ613",""
"服部 創","はっとり はじめ",55,"1971年08月23日","男","O","hattori_823@example.co.jp","03-8102-0741","050-9751-4041","165-9509","東京都台東区蔵前3-2-9","株式会社みのり"
"野口 茂樹","のぐち しげき",47,"1979年08月14日","男","A","shigeki_noguchi@example.co.jp","04-5624-2650","070-4444-3241","282-8374","千葉県船橋市本町3-1-1106ベルヴィル314","合名会社カメブ呉服店"
"加藤 純子","かとう じゅんこ",51,"1975年05月06日","女","AB","kato_56@example.org","0282-38-3399","090-0733-5594","326-0004","栃木県那須塩原市南郷屋2-4-19","有限会社キング"
"林 葵","はやし あおい",80,"1946年06月25日","女","O","aoihayashi@example.net","03-9298-1424","080-0718-4596","112-6785","東京都町田市南成瀬1-1-801",""
"林田 さくら","はやしだ さくら",97,"1929年05月09日","女","A","hayashida_59@example.com","03-8615-4457","050-6593-2311","182-7105","東京都渋谷区代々木3-1-4",""
"上村 昭宏","うえむら あきひろ",37,"1989年02月15日","その他・不明","B","uemura215@example.jp","0791-01-3862","080-7670-3938","671-7851","兵庫県高砂市神爪1-3-3","株式会社三晃"
"鈴木 ひろみ","すずき ひろみ",42,"1984年05月28日","女","O","hiromi_suzuki@example.net","06-3389-6938","070-9529-3608","558-9793","大阪府東大阪市若江東町3-2-207","有限会社サンエー"
"野瀬 正典","のせ まさのり",84,"1941年10月09日","男","A","nose_109@example.org","03-5572-0967","080-6912-5294","203-1755","東京都国立市東2-3-19",""
"鈴木 重雄","すずき しげお",55,"1971年04月13日","男","O","suzuki_shigeo@example.com","03-0880-1840","050-4595-9608","189-6650","東京都千代田区飯田橋2-3-7","株式会社ヤマテック"
"牛田 順司","うしだ じゅんじ",28,"1997年09月28日","男","B","ushidajunji@example.net","03-5347-4905","080-3043-1018","156-8177","東京都台東区千束2-2-7","有限会社ナカヤ"
"加藤 敏史","かとう としふみ",101,"1925年01月01日","男","O","kato_toshifumi@example.co.jp","03-2607-2465","090-4583-7068","111-9855","東京都中野区中央3-1-1103",""
"粉川 真実","こかわ まみ",57,"1969年05月12日","女","A","kokawa512@example.net","047-467-1123","090-9928-7395","294-9914","千葉県浦安市北栄1-2-8","有限会社ノーブル"
"綿引 翔平","わたひき しょうへい",86,"1940年03月22日","男","O","shouhei_watahiki@example.org","06-3298-1557","070-1634-9121","581-2006","大阪府東大阪市若江東町3-2-501",""
"秋吉 ひろ","あきよし ひろ",81,"1945年07月02日","男","A","akiyoshi_hiro@example.org","03-1476-5069","080-6066-5059","115-5231","東京都世田谷区太子堂1-1-21",""
"船戸 浩","ふなと ひろし",24,"2002年09月11日","男","A","hiroshi_funato@example.jp","03-5131-7780","080-1985-1353","162-7430","東京都文京区本郷3-2-10","株式会社ライズコーポレーション"
"塚田 竜介","つかだ りゅうすけ",92,"1934年05月27日","男","A","tsukada527@example.jp","0495-56-7894","050-1891-0137","365-4795","埼玉県八潮市大瀬2-4-16",""
"渡辺 勝明","わたなべ かつあき",83,"1942年12月15日","男","B","watanabe1215@example.com","046-523-1703","070-1201-6385","233-9061","神奈川県横浜市金沢区富岡西3-2-1108ベルアーバニティ514",""
"富岡 秀一","とみおか しゅういち",28,"1998年07月26日","男","O","tomioka726@example.ne.jp","06-8954-2097","050-9876-9365","534-6209","大阪府大阪市中央区本町3-1-4","株式会社オリエント"
"樋口 由梨","ひぐち ゆり",98,"1928年08月06日","女","A","yurihiguchi@example.ne.jp","0799-89-7972","070-5865-7118","675-5522","兵庫県神戸市灘区記田町1-5-5メイツ501",""
"星 浩一","ほし こういち",119,"1906年11月05日","男","O","hoshi115@example.com","0791-11-1097","090-4143-1657","673-9767","兵庫県三田市三輪1-1-307",""
"伊藤 靖弘","いとう やすひろ",103,"1923年04月26日","男","A","yasuhiro_ito@example.org","0460-04-4249","050-3831-0288","214-9397","神奈川県海老名市中新田3-2-1209",""
"佐々木 尚文","ささき なおふみ",22,"2004年02月08日","男","B","sasaki_28@example.org","08387-0-0202","050-8901-3999","745-8465","山口県山口市大内矢田南3-2-8フォルム605","株式会社デルタ"
"秋本 進","あきもと すすむ",34,"1991年09月28日","男","A","akimoto928@example.jp","09802-2-6747","070-5078-7515","901-8163","沖縄県宜野湾市志真志2-2-805","有限会社夢工房"
"戸田 このみ","とだ このみ",46,"1980年06月09日","女","A","konomitoda@example.ne.jp","01457-0-7283","050-0460-7619","089-7427","北海道札幌市中央区北三条西4-1-10","株式会社HERO"
"林 晴加","はやし はるか",101,"1924年11月16日","女","O","hayashi_haruka@example.jp","06-4614-0536","070-0011-7260","549-6833","大阪府摂津市鶴野3-5-11",""
"岩下 博一","いわした ひろかず",59,"1967年05月30日","男","A","iwashita530@example.org","01587-5-2861","050-8474-6276","069-9242","北海道北見市東三輪2-3-12","株式会社ファーム"
"野口 義則","のぐち よしのり",119,"1907年05月29日","男","A","noguchiyoshinori@example.net","0587-32-6937","080-8078-2182","449-2861","愛知県春日井市松新町2-3-3",""
"佐々木 優子","ささき ゆうこ",71,"1955年06月11日","女","B","yuuko_sasaki@example.co.jp","06-4435-4900","070-5924-9986","551-7526","大阪府大阪市住之江区北加賀屋1-2-22",""
"福田 義一","ふくだ よしかず",84,"1942年03月29日","男","AB","fukuda_yoshikazu@example.ne.jp","0533-71-0011","080-4932-8806","451-9678","愛知県一宮市伝法寺2-4-10",""
"榎木 香織","えのき かおり",35,"1991年02月19日","女","O","kaori_enoki@example.co.jp","0223-17-1301","090-1008-4893","984-6686","宮城県仙台市泉区高森1-2-9ハイネスクラウズ507","大和商事株式会社"
"藤田 みお","ふじた みお",74,"1952年05月11日","女","B","fujita511@example.co.jp","0567-47-0637","080-2665-7722","466-9909","愛知県碧南市吹上町1-4-9",""
"木村 哲也","きむら てつや",108,"1918年07月14日","男","A","kimuratetsuya@example.org","06-7064-5971","090-3547-6721","591-9740","大阪府大阪市生野区小路東1-2-3",""
"渡部 憲司","わたなべ けんじ",42,"1984年01月06日","男","A","kenji_watanabe@example.org","03-8517-6671","090-0321-1615","118-5538","東京都小平市花小金井3-2-11","桜井運送有限会社"
"渥美 瑞枝","あつみ みずえ",104,"1922年03月27日","女","A","atsumimizue@example.net","0791-95-0655","050-2176-4083","664-4636","兵庫県宝塚市山本丸橋1-4-303",""
"児玉 園子","こだま そのこ",116,"1909年10月26日","女","AB","kodama1026@example.com","0946-98-3357","070-8802-3610","835-5330","福岡県福岡市博多区竹下3-2-8",""
"松井 雅則","まつい まさのり",47,"1979年05月04日","男","B","matsui_54@example.jp","03-3765-7727","090-2769-0388","125-3698","東京都葛飾区四つ木3-1-202","有限会社つばさ"
"島本 健治","しまもと けんじ",68,"1958年01月26日","男","A","shimamoto_kenji@example.com","06-5451-1561","080-5032-1407","572-5831","大阪府大阪市福島区吉野2-3-10ドリームマンション404",""
"井上 亮一","いのうえ りょういち",75,"1951年01月26日","男","O","inoue126@example.co.jp","03-3217-9759","070-1017-2336","170-0454","東京都港区虎ノ門2-4-17",""
"大屋 幸広","おおや ゆきひろ",96,"1930年04月02日","男","O","oya_42@example.net","0467-78-4201","050-7396-7346","256-2262","神奈川県横浜市泉区中田東3-3-10",""
"平田 健史","ひらた たけし",50,"1975年10月09日","男","O","hirata_109@example.ne.jp","0265-99-9051","090-6251-4710","389-4891","長野県松本市渚3-5-16","株式会社山一"
"山本 明","やまもと あきら",99,"1927年06月04日","男","AB","akira_yamamoto@example.com","0957-33-4423","090-7588-3777","858-7538","長崎県長崎市女の都1-2-1102",""
"芹田 雅行","せりた まさゆき",109,"1917年04月04日","その他・不明","B","masayuki_serita@example.jp","088-329-4661","050-2463-9637","782-3415","高知県高知市比島町2-3-10",""
"大北 隆幸","おおきた たかゆき",51,"1975年08月23日","男","AB","okita_823@example.co.jp","06-8880-9532","080-8489-7635","557-8450","大阪府大阪市北区天神橋3-3-8","有限会社カネコ"
"吉本 卓也","よしもと たくや",64,"1962年06月16日","男","O","yoshimoto616@example.com","0466-12-6090","070-9938-5186","252-0336","神奈川県横浜市港北区綱島西2-1-11",""
"櫻井 麻子","さくらい あさこ",23,"2003年02月01日","女","O","asakosakurai@example.org","0145-48-8220","090-5141-2090","075-5042","北海道室蘭市八丁平3-4-19","有限会社フクダ"
"田中 寛","たなか ひろし",44,"1982年03月04日","男","B","hiroshi_tanaka@example.org","03-3608-6313","050-1608-6295","159-6679","東京都品川区二葉3-5-1005","有限会社中村商会"
"久保 真弓","くぼ まゆみ",72,"1954年07月11日","女","B","kubo_mayumi@example.jp","0964-13-2988","080-0594-3593","869-9433","熊本県荒尾市大島町1-3-201",""
"柴田 由衣","しばた ゆい",64,"1962年08月02日","女","O","shibata82@example.net","03-8062-9404","090-6690-0816","128-7335","東京都江東区森下1-2-5",""
"鶴田 健司","つるた けんじ",63,"1963年06月17日","男","B","kenjitsuruta@example.net","044-849-5585","080-4672-6245","231-0894","神奈川県横浜市南区別所1-3-605",""
"湯浅 潤一郎","ゆあさ じゅんいちろう",118,"1908年03月22日","男","B","yuasa322@example.jp","0470-16-4334","080-6321-2069","283-6622","千葉県柏市北柏1-4-1208",""
"中島 真利","なかじま まり",44,"1982年02月17日","女","B","mari_nakajima@example.jp","03-5957-6640","090-7247-2097","149-7787","東京都中央区八丁堀3-3-7","株式会社豊和"
"井上 美幸","いのうえ みゆき",37,"1988年10月16日","女","O","miyukiinoue@example.com","03-0024-3401","080-7353-2630","138-6114","東京都調布市深大寺北町3-4-5","有限会社ストリーム"
"池本 亜弥","いけもと あや",27,"1998年12月24日","女","B","ikemoto1224@example.org","0771-46-1251","070-8564-6645","616-3470","京都府京都市東山区大和大路通七条下る4-1-10","合名会社武藏屋本店"
"長谷川 健司","はせがわ けんじ",76,"1949年11月28日","男","B","kenjihasegawa@example.org","06-6630-4168","080-9042-8890","583-9262","大阪府箕面市箕面1-2-17",""
"菱沼 あゆみ","ひしぬま あゆみ",89,"1937年07月01日","女","A","hishinuma_71@example.net","03-6145-3884","050-9415-2019","160-3667","東京都荒川区西日暮里3-5-21",""
"伊藤 典子","いとう のりこ",111,"1915年08月31日","女","A","noriko_ito@example.co.jp","03-1150-1714","080-3067-4999","126-1827","東京都練馬区春日町1-1-704",""
"坂井 充宏","さかい みつひろ",75,"1951年01月16日","男","O","mitsuhiro_sakai@example.com","0564-24-1774","050-8200-0014","451-0746","愛知県半田市瑞穂町2-2-6",""
"宮崎 奈緒子","みやざき なおこ",86,"1940年05月19日","女","A","naokomiyazaki@example.net","0826-98-7620","050-3766-2836","732-9696","広島県三次市十日市東1-3-9",""
"吉野 広美","よしの ひろみ",33,"1993年03月13日","女","A","yoshino_hiromi@example.org","03-6471-9266","090-9042-9165","135-2985","東京都新宿区西新宿1-1-6パストラルハイム616",""
"橋口 宏","はしぐち ひろし",87,"1939年03月22日","男","O","hashiguchi_322@example.org","03-9948-1234","090-9508-5049","105-0009","東京都港区赤坂4-3-4",""
"外間 伸一","ほかま しんいち",99,"1927年09月02日","男","O","hokama92@example.co.jp","03-3074-6719","090-7173-7122","206-1648","東京都新宿区高田馬場2-4-14",""
"西村 信吾","にしむら しんご",26,"2000年08月01日","男","O","shingo_nishimura@example.net","0466-32-4894","080-5063-3394","258-1295","神奈川県小田原市南町2-3-14","株式会社トップ"
"鈴木 豊","すずき ゆたか",29,"1997年02月05日","男","O","yutakasuzuki@example.ne.jp","0479-23-4537","070-7752-2094","309-9740","茨城県ひたちなか市大平2-5-206","有限会社藤田工務店"
"宮本 夏子","みやもと なつこ",24,"2002年09月16日","女","A","miyamotonatsuko@example.jp","06-5869-6281","080-7274-3427","547-3115","大阪府東大阪市渋川町1-3-909","株式会社ニュートラル"
"野上 明","のがみ あきら",37,"1989年08月30日","女","O","akira_nogami@example.net","0767-97-8251","080-9956-5854","921-0901","石川県金沢市新保本1-3-4","株式会社サンクリエイト"
"松岡 卓巳","まつおか たくみ",26,"2000年08月08日","男","B","matsuoka_88@example.org","03-2056-9189","080-5465-6135","155-1900","東京都江戸川区春江町1-2-10","合資会社ジェイピーメディカル"
"市川 寿人","いちかわ ひさと",120,"1905年11月02日","男","B","ichikawa112@example.com","0749-88-3948","090-6294-5000","525-3862","滋賀県大津市一里山4-2-7",""
"田中 優子","たなか ゆうこ",53,"1973年02月20日","女","B","tanaka_yuuko@example.jp","03-6468-4787","050-7793-0600","209-1078","東京都中央区築地2-1-404セラフ607","株式会社MSC"
"藤原 貴","ふじわら たかし",60,"1966年08月19日","男","O","fujiwara819@example.org","0943-39-4864","080-6455-3039","802-6343","福岡県中間市中鶴3-2-9","大島組建設合資会社"
"野口 正","のぐち ただし",50,"1976年09月17日","男","B","tadashinoguchi@example.net","03-0988-6914","050-5634-1013","168-1620","東京都世田谷区野沢3-5-16サントピア211","合名会社藤室商店"
"阿部 和代","あべ かずよ",26,"2000年09月18日","女","B","abekazuyo@example.jp","03-8377-6294","080-0793-0772","204-1200","東京都新宿区西新宿2-3-15","楠砂利有限会社"
"山崎 義久","やまざき よしひさ",107,"1919年07月26日","男","A","yamazaki_726@example.jp","03-1147-6019","090-4648-0774","172-5834","東京都豊島区池袋3-4-5",""
"山本 聡美","やまもと さとみ",26,"2000年03月09日","女","O","yamamoto39@example.org","03-7073-6129","090-5573-5989","124-8347","東京都渋谷区千駄ヶ谷1-5-3","合名会社有文堂"
"吉田 裕二","よしだ ゆうじ",96,"1929年12月30日","男","O","yoshida1230@example.net","048-100-0389","070-9465-5370","357-7303","埼玉県さいたま市見沼区東大宮3-2-4",""
"佐伯 まや","さえき まや",33,"1993年02月04日","女","B","saeki_24@example.com","092-029-8938","090-8163-9272","832-6415","福岡県福岡市博多区千代1-2-18","合名会社濱田商店"
"吉田 裕美子","よしだ ゆみこ",66,"1960年03月08日","女","O","yumikoyoshida@example.org","03-3881-2712","070-1793-7157","132-9811","東京都大田区下丸子4-3-8",""
"南 康博","みなみ やすひろ",28,"1997年12月26日","男","B","yasuhirominami@example.com","03-5899-8879","080-3175-5189","199-7180","東京都千代田区九段南2-3-1101","有限会社佐藤産業"
"伊藤 海","いとう かい",55,"1971年01月29日","女","B","kaiito@example.org","03-2203-7819","080-7204-9800","170-3117","東京都品川区上大崎2-5-19","有限会社阿部商店"
"高木 有香","たかぎ ゆか",49,"1977年05月07日","女","O","takagiyuka@example.net","03-0891-2136","080-6844-4954","132-5674","東京都新宿区高田馬場1-3-6",""
"妹尾 孝夫","せのお たかお",113,"1912年11月05日","男","O","senoo_115@example.org","0478-73-5701","080-2500-5022","281-5550","千葉県船橋市新高根3-4-13シャリエ613",""
"菊池 健","きくち けん",88,"1938年09月03日","男","A","kenkikuchi@example.co.jp","0847-40-9582","080-8578-2519","728-0608","広島県広島市東区曙3-4-5",""
"貝塚 修","かいづか おさむ",28,"1998年08月05日","男","A","osamu_kaizuka@example.co.jp","06-1710-7501","080-4647-7967","578-3656","大阪府大阪市中央区淡路町3-1-7","合名会社大勢楼"
"中西 達彦","なかにし たつひこ",33,"1993年08月07日","男","A","nakanishi_tatsuhiko@example.org","045-135-2023","050-3582-0799","253-4002","神奈川県川崎市多摩区中野島4-2-5サンロイヤル512","株式会社アームズ"
"城山 亮","しろやま りょう",103,"1923年02月28日","男","AB","ryou_shiroyama@example.com","03-1764-0130","050-0304-0383","150-6475","東京都杉並区和泉2-2-4コムーネ811",""
"加藤 裕実子","かとう ゆみこ",31,"1995年09月25日","女","A","yumiko_kato@example.org","06-2008-0780","050-2888-7045","533-3126","大阪府茨木市宿久庄2-1-3","杉本合名会社"
"小海 駿","こかい しゅん",113,"1913年02月24日","男","A","shun_kokai@example.co.jp","03-1618-5226","080-2008-6709","158-8980","東京都世田谷区祖師谷1-1-6",""
"小暮 貴博","こぐれ たかひろ",92,"1934年04月26日","男","B","kogure426@example.org","03-9226-4229","050-5230-4467","142-7058","東京都目黒区上目黒3-1-9",""
"勝又 学","かつまた まなぶ",90,"1936年08月05日","男","O","manabu_katsumata@example.jp","03-1227-4655","050-8564-6982","111-4769","東京都葛飾区東新小岩3-3-7グローバル413",""
"土屋 昇平","つちや しょうへい",56,"1970年02月15日","男","O","tsuchiya215@example.co.jp","03-2348-8055","090-9172-3889","202-2653","東京都台東区千束2-3-308","有限会社中村建設"
"星野 高義","ほしの たかよし",38,"1988年06月19日","男","AB","hoshino619@example.org","0436-77-0646","090-6043-4311","261-2473","千葉県市川市南行徳1-4-15","株式会社朝日"
"伊藤 篤","いとう あつし",113,"1913年08月21日","男","B","ito_atsushi@example.com","06-5931-5068","050-0892-1342","547-4973","大阪府守口市藤田町3-3-6",""
"村越 英樹","むらこし ひでき",53,"1973年06月18日","男","O","murakoshi_hideki@example.com","06-2153-1888","050-8822-4806","580-5275","大阪府豊中市宮山町4-2-5","株式会社エビス"
"田中 由美子","たなか ゆみこ",57,"1969年03月03日","その他・不明","AB","tanaka_yumiko@example.ne.jp","044-574-1833","080-1000-6908","257-1158","神奈川県横浜市鶴見区矢向3-5-6","株式会社オーブ"
"小野 美雪","おの みゆき",108,"1918年05月26日","女","B","ono_miyuki@example.net","03-9077-9040","070-9976-6081","151-4977","東京都世田谷区野沢1-3-13",""
"加藤 智史","かとう さとし",119,"1906年11月12日","男","B","kato1112@example.net","03-9918-7147","050-7332-3208","184-6225","東京都世田谷区深沢1-4-3",""
"長野 隆司","ながの りゅうじ",70,"1956年09月24日","男","B","nagano924@example.jp","06-4960-3054","080-8444-2120","596-8831","大阪府大阪市淀川区宮原2-2-7",""
"前田 典子","まえだ のりこ",41,"1984年11月07日","女","A","maeda117@example.net","0270-41-0637","070-3899-7380","378-1344","群馬県桐生市広沢町2-5-602","有限会社オアシス"
"佐藤 義之","さとう よしゆき",52,"1974年07月23日","男","O","sato_yoshiyuki@example.com","048-219-6538","080-5531-6026","350-9885","埼玉県川口市上青木西1-1-404エクセル208","合資会社大利根製材木工所"
"小野 里佳子","おの りかこ",108,"1918年07月04日","その他・不明","B","onorikako@example.co.jp","03-0032-8868","070-2888-2568","109-0011","東京都豊島区池袋本町3-3-10",""
"白川 浩","しらかわ ひろし",65,"1961年02月05日","男","A","hiroshishirakawa@example.ne.jp","03-0042-0395","090-5808-2753","116-6248","東京都千代田区麹町2-2-14",""
"林 かおり","はやし かおり",83,"1943年09月07日","女","O","hayashi97@example.ne.jp","03-2911-9688","070-8489-5498","182-4390","東京都大田区蒲田1-1-13",""
"小松 恵理子","こまつ えりこ",62,"1963年11月17日","女","O","erikokomatsu@example.net","01466-1-7987","090-9590-2834","059-4663","北海道網走郡美幌町字栄町4-1-9",""
"中澤 聡","なかざわ あきら",28,"1997年12月30日","男","A","nakazawa1230@example.co.jp","03-1229-8010","050-0772-3815","199-0659","東京都中野区東中野3-2-4","シルバー警備合同会社"
"谷田 亮子","たにだ りょうこ",26,"2000年06月29日","女","A","tanida_ryouko@example.com","0178-44-0447","080-1714-1708","036-4974","青森県青森市金沢2-4-708","株式会社フジ"
"伊藤 正弘","いとう まさひろ",35,"1991年08月19日","男","A","ito_819@example.com","0563-55-4428","080-3005-0143","474-2176","愛知県名古屋市東区三の丸1-2-22","株式会社ナカガワ"
"永田 茂樹","ながた しげき",96,"1930年02月23日","男","O","shigekinagata@example.org","03-0821-5878","090-5469-2458","168-6413","東京都世田谷区駒沢3-3-6ロイヤル212",""
"緒方 若菜","おがた わかな",68,"1958年01月15日","女","A","ogatawakana@example.net","093-874-0143","090-2751-9034","835-2197","福岡県筑紫野市二日市中央4-3-8",""
"長谷川 和也","はせがわ かずや",43,"1982年11月23日","男","B","hasegawakazuya@example.jp","06-6656-3681","090-4032-7882","578-9941","大阪府大阪市住之江区西加賀屋1-2-9","合同会社グループ明伸"
"梅田 健","うめだ けん",113,"1913年06月03日","男","O","umeda63@example.jp","06-7971-6973","090-0785-6240","549-5948","大阪府大阪市中央区本町2-3-6",""
"加藤 敦","かとう あつし",33,"1993年05月24日","男","A","kato_atsushi@example.org","0495-44-3108","090-9106-8320","345-7291","埼玉県さいたま市大宮区桜木町2-2-16","株式会社テクニカ"
"大西 正一郎","おおにし しょういちろう",32,"1994年01月08日","男","B","onishi_18@example.co.jp","03-5196-7877","090-3173-6772","175-7150","東京都武蔵野市吉祥寺南町3-1-10","株式会社NEXT"
"堤 栄子","つつみ えいこ",21,"2004年11月30日","女","A","tsutsumi_eiko@example.jp","0436-97-9792","090-0755-9021","291-6046","千葉県流山市南流山1-1-6ネオステージ814","有限会社清水製作所"
"藤平 高","ふじひら たかし",69,"1957年03月09日","男","O","takashi_fujihira@example.ne.jp","03-8777-6734","070-7023-9623","193-4975","東京都台東区松が谷3-5-21",""
"肥沼 藍","こいぬま あい",76,"1950年05月12日","女","B","koinuma_ai@example.ne.jp","048-763-9447","070-4742-6123","354-9447","埼玉県熊谷市別府1-1-20",""
"杉山 一徳","すぎやま かずのり",23,"2003年02月11日","男","B","sugiyama_kazunori@example.co.jp","043-536-1932","090-6493-9233","298-4400","千葉県船橋市前原西2-2-5","有限会社林工業"
"奥田 元昭","おくだ もとあき",25,"2001年09月15日","男","O","okuda_motoaki@example.net","03-7932-5095","050-4771-0105","155-4038","東京都杉並区高円寺南2-5-11","株式会社ベルテック"
"北嶋 恵一","きたじま けいいち",25,"2001年09月03日","男","B","kitajimakeiichi@example.co.jp","0949-89-1436","070-1880-7394","807-7741","福岡県大牟田市三川町1-3-4","合資会社シーエムエヌライフ"
"吉田 麻衣子","よしだ まいこ",25,"2000年11月12日","女","A","yoshidamaiko@example.jp","03-5591-4773","070-0888-1863","145-9809","東京都葛飾区青戸1-5-701","有限会社フェイス"
"伊藤 一弥","いとう かづや",90,"1935年11月30日","男","B","ito_kazuya@example.co.jp","06-8926-6494","090-5684-2284","560-7868","大阪府大阪市浪速区桜川2-2-5",""
"鬼丸 あすか","おにまる あすか",80,"1945年11月28日","女","O","onimaru_1128@example.com","06-5603-2604","070-9010-6866","599-5470","大阪府大阪市中央区伏見町4-3-7",""
"渡辺 純平","わたなべ じゅんぺい",27,"1999年08月13日","男","B","watanabe_jumpei@example.jp","03-8088-5965","080-6557-9035","143-1234","東京都足立区島根3-1-3ファミールグラン712","株式会社カワムラ"
"田村 秀樹","たむら ひでき",48,"1978年04月05日","男","O","tamura45@example.net","0584-08-5034","050-3420-3568","501-4463","岐阜県大垣市郭町2-1-9","有限会社丸福"
"谷口 正文","たにぐち まさふみ",87,"1938年10月09日","男","A","masafumitaniguchi@example.net","0531-90-3643","090-9106-3749","478-1995","愛知県名古屋市中区大須1-3-6",""
"杉山 善貴","すぎやま よしたか",96,"1929年11月20日","男","A","yoshitakasugiyama@example.ne.jp","0460-39-8707","070-9007-1942","244-4668","神奈川県鎌倉市台3-1-3",""
"伊藤 広和","いとう ひろかず",79,"1947年09月09日","男","A","hirokazuito@example.ne.jp","03-7024-9525","050-6475-4237","183-4272","東京都墨田区江東橋2-3-9",""
"吉田 祥子","よしだ しょうこ",104,"1922年03月22日","女","AB","shoukoyoshida@example.org","0439-83-8529","070-6799-4313","276-0640","千葉県木更津市高柳3-2-6",""
"加藤 桃子","かとう ももこ",22,"2003年12月19日","女","B","kato1219@example.org","0235-52-6544","080-6908-1753","990-6687","山形県山形市桜田東3-3-805","有限会社永和"
"大塚 菜々","おおつか なな",120,"1906年05月23日","女","A","otsuka523@example.org","06-2748-5655","050-8466-8519","547-4184","大阪府大阪市都島区中野町1-1-7グランドコーポ310",""
"山内 亜希子","やまうち あきこ",42,"1984年01月19日","女","A","yamauchi_119@example.com","03-6584-7196","050-4290-4211","132-1361","東京都世田谷区経堂2-4-401","株式会社新生"
"伊藤 靖子","いとう やすこ",100,"1925年11月17日","女","O","yasukoito@example.jp","03-1463-7991","090-5054-2670","188-0072","東京都港区赤坂3-3-604",""
"矢上 純子","やがみ じゅんこ",50,"1976年05月01日","女","AB","yagamijunko@example.jp","0766-18-3569","090-9958-9484","936-8540","富山県高岡市戸出町3-5-14","合名会社住澤百貨店"
"宮崎 陽子","みやざき ようこ",33,"1993年04月18日","女","A","youkomiyazaki@example.jp","03-2667-1741","080-6782-4782","153-2044","東京都中野区上高田4-3-8","すがぜ屋有限会社"
"伊藤 史弥","いとう ふみや",96,"1930年09月22日","男","A","itofumiya@example.jp","0581-86-1361","070-3093-9901","509-9740","岐阜県岐阜市西荘3-1-13グランドハイツ504",""
"大坪 貴教","おおつぼ たかのり",99,"1927年08月26日","男","A","otsubo826@example.ne.jp","0898-28-9987","090-0086-1980","796-2196","愛媛県新居浜市庄内町1-3-3",""
"竹中 真之介","たけなか しんのすけ",75,"1950年12月06日","男","B","takenaka_126@example.com","0737-09-6229","080-8908-3719","640-6881","和歌山県和歌山市東高松3-1-11",""
"金川 宏幸","かながわ ひろゆき",119,"1907年02月01日","男","AB","hiroyukikanagawa@example.co.jp","03-1961-2540","080-5169-9910","139-1510","東京都葛飾区東立石2-2-8",""
"稲垣 南","いながき みなみ",93,"1932年11月27日","女","A","inagaki_minami@example.org","0577-89-0548","070-9427-4583","504-7877","岐阜県大垣市南頬町3-1-6",""
"河村 由加里","かわむら ゆかり",23,"2002年12月06日","女","AB","kawamura_yukari@example.co.jp","03-6795-7973","080-9760-6893","105-8321","東京都中央区日本橋室町4-3-7","株式会社ユナイト"
"吉澤 優","よしざわ ゆう",89,"1937年07月09日","女","B","yoshizawayuu@example.co.jp","06-6175-4103","050-9192-4326","585-3357","大阪府泉佐野市羽倉崎2-3-16",""
"梶田 道子","かじた みちこ",41,"1985年07月23日","女","O","kajita723@example.net","025-075-7590","080-0977-7183","955-6373","新潟県新発田市中央町2-2-19","有限会社原田商店"
"大畑 聡","おおはた あきら",97,"1928年12月02日","男","A","akira_ohata@example.net","03-8161-2148","050-1957-5148","111-3645","東京都文京区小日向3-3-4",""
"佐藤 真","さとう まこと",97,"1929年01月05日","男","A","sato_15@example.ne.jp","03-0793-5581","070-0044-3847","153-2219","東京都港区新橋3-2-8",""
"鈴木 達也","すずき たつや",22,"2004年01月13日","男","O","suzuki113@example.ne.jp","0467-06-2621","080-2365-5437","224-1331","神奈川県横浜市金沢区釜利谷東2-3-8","株式会社GRIT"
"中矢 雄一","なかや ゆういち",110,"1916年05月10日","男","A","nakaya_yuuichi@example.ne.jp","0463-67-5257","070-7378-8545","255-8588","神奈川県相模原市中央区上溝2-3-5",""
"三浦 絵理","みうら えり",110,"1915年10月04日","女","A","miura_104@example.net","0952-74-0746","050-0227-7009","849-3297","佐賀県佐賀市神園3-4-21",""
"田中 誠","たなか まこと",113,"1913年02月19日","男","O","makoto_tanaka@example.org","0558-27-1395","070-7594-3168","410-9326","静岡県静岡市葵区与一2-2-10ネバーランド415",""
"田村 瑠美","たむら るみ",103,"1922年12月18日","女","B","rumitamura@example.org","03-5723-3935","070-0453-3113","108-0056","東京都世田谷区池尻3-5-20コスモハイツ406",""
"鈴木 昭夫","すずき あきお",24,"2002年03月05日","男","AB","akiosuzuki@example.jp","01658-6-3187","050-7556-3296","006-3316","北海道札幌市中央区南二条西4-1-5","合資会社ティ・エス・エル"
"三好 慎一郎","みよし しんいちろう",114,"1912年07月18日","男","O","miyoshi718@example.com","0134-33-4937","070-7289-4821","007-6489","北海道帯広市西八条南2-3-209オークヒルズ109",""
"奥山 隆","おくやま たかし",20,"2006年05月27日","男","A","takashiokuyama@example.jp","044-497-4480","090-6646-1784","240-1377","神奈川県横浜市中区扇町3-3-7オークヒルズ616","有限会社愛和"
"瑞慶山 直之","ずけやま ただゆき",93,"1932年12月07日","その他・不明","B","zukeyama_tadayuki@example.com","06-5431-2945","070-3393-4614","598-8745","大阪府八尾市田井中2-5-9",""
"境 敏夫","さかい としお",119,"1907年07月10日","男","B","toshiosakai@example.org","01558-3-4439","080-2940-9232","086-7412","北海道札幌市南区川沿七条1-3-507",""
"山本 邦夫","やまもと くにお",83,"1943年09月01日","男","O","yamamotokunio@example.ne.jp","022-901-8711","090-1244-4599","980-2288","宮城県仙台市若林区大和町2-2-21",""
"小林 明伸","こばやし あきのぶ",31,"1995年03月17日","男","A","kobayashi317@example.net","0126-83-7691","070-3492-6023","097-4162","北海道札幌市中央区北六条西3-3-8","合同会社ロングライフサービス"
"車田 聡","くるまだ あきら",88,"1938年02月14日","男","A","akirakurumada@example.co.jp","0460-80-9460","080-3324-0728","239-8607","神奈川県横浜市南区六ツ川3-3-7",""
"金子 和裕","かねこ かずひろ",71,"1954年12月28日","その他・不明","B","kaneko_kazuhiro@example.jp","03-8259-7878","080-7534-1911","177-5525","東京都千代田区外神田2-2-10",""
"山田 寛子","やまだ ひろこ",41,"1985年08月19日","女","B","yamada_hiroko@example.jp","03-7707-3537","050-8755-2136","100-9448","東京都千代田区九段南2-3-1101",""
"小野 優","おの ゆう",100,"1926年06月29日","その他・不明","AB","ono629@example.jp","0833-66-0357","050-5980-8267","758-0538","山口県宇部市亀浦2-5-12",""
"國吉 良一","くによし りょう",119,"1906年12月14日","男","AB","ryoukuniyoshi@example.org","03-3333-3468","050-7214-0335","167-6983","東京都世田谷区中町2-4-14ドルチェヴィータ812",""
"蒲池 優子","かまち ゆうこ",67,"1959年04月25日","女","B","yuuko_kamachi@example.com","0957-57-9368","090-0814-3644","853-4184","長崎県島原市新山2-5-909ドルミ512",""
"松木 智宏","まつき ともひろ",71,"1955年01月22日","男","B","matsukitomohiro@example.co.jp","03-7115-8955","080-3437-5038","110-5671","東京都武蔵野市吉祥寺北町2-1-21",""
"大場 雄基","おおば ゆうき",43,"1982年12月25日","男","A","yuuki_oba@example.com","03-5007-5357","090-0222-9040","186-7612","東京都新宿区西新宿2-4-106","株式会社ドリームワークス"
"林 ちさ","はやし ちさ",26,"2000年01月29日","女","A","hayashi129@example.co.jp","03-0511-8902","050-2694-3293","188-1131","東京都練馬区大泉学園町1-3-12","株式会社ノーブル"
"渡邉 直矢","わたなべ なおや",26,"2000年02月02日","男","A","watanabe_naoya@example.co.jp","05769-7-2277","050-1119-1743","502-2526","岐阜県岐阜市茜部菱野1-3-6プレジデント810","有限会社遠藤工業"
"黒田 しおり","くろだ しおり",89,"1937年08月25日","女","AB","shiorikuroda@example.org","03-5514-1066","090-6910-9585","150-7043","東京都千代田区九段南2-4-909",""
"石崎 健","いしざき けん",109,"1917年03月27日","男","O","ishizaki327@example.co.jp","06-7945-2602","080-6305-6127","564-0807","大阪府大阪市東淀川区東淡路1-1-108ハーティネス413",""
"飯尾 翔太","いいお しょうた",55,"1971年03月14日","男","O","iio_shouta@example.ne.jp","093-864-6061","090-5793-0185","833-1055","福岡県福岡市西区小戸4-3-7","有限会社クローバー"
"沖原 和也","おきはら かずや",69,"1957年03月04日","男","A","okihara34@example.net","06-2627-6244","080-4120-0243","530-2234","大阪府大阪市北区天神橋3-1-17アーバンビュー516",""
"菊池 健","きくち けん",93,"1933年02月02日","男","A","kikuchiken@example.co.jp","0124-82-0875","090-7003-4606","056-8589","北海道札幌市手稲区西宮の沢二条1-2-8",""
"原田 巧","はらだ たくみ",96,"1930年08月07日","男","B","takumi_harada@example.com","03-9145-9850","090-7001-1626","187-6126","東京都江東区東陽2-2-7",""
"福田 武史","ふくだ たけふみ",81,"1945年05月03日","男","A","fukudatakefumi@example.com","045-034-5840","050-0860-3482","211-7287","神奈川県横浜市港北区日吉本町3-1-6",""
"古川 仁","ふるかわ ひとし",44,"1982年01月30日","男","B","furukawa_hitoshi@example.net","06-7813-2472","070-9431-9684","547-1561","大阪府東大阪市日下町4-1-7フローラ607",""
"芳賀 ちほ","はが ちほ",29,"1997年02月26日","女","A","haga226@example.ne.jp","0476-59-0465","070-5115-2418","293-2712","千葉県我孫子市青山台4-3-5","有限会社コスモ"
"秋本 貴史","あきもと たかし",95,"1931年09月08日","男","O","akimoto_takashi@example.com","0943-57-0496","070-0709-0802","831-2570","福岡県大野城市瓦田4-2-5プライムメイツ112",""
"三矢 匡弘","みつや まさひろ",64,"1962年09月11日","男","O","mitsuya_masahiro@example.com","03-8555-6381","050-5562-6582","139-6877","東京都国立市東2-1-5",""
"阿部 正太郎","あべ しょうたろう",54,"1972年07月02日","男","AB","shoutarou_abe@example.ne.jp","06-1505-3676","090-8985-1134","599-9261","大阪府大阪市中央区淡路町3-1-7","合同会社エイム"
"原田 尚平","はらだ しょうへい",107,"1919年02月25日","男","B","haradashouhei@example.net","03-4777-2229","080-5554-8335","180-1205","東京都目黒区碑文谷3-2-10サンライフ207",""
"原山 慎","はらやま まこと",88,"1938年08月26日","男","B","makotoharayama@example.net","045-584-7169","090-3522-5997","228-3097","神奈川県横浜市港南区日限山1-4-21",""
"伊藤 里佳","いとう りか",80,"1945年11月02日","女","AB","ito_112@example.com","0968-26-1319","090-9555-7000","866-3844","熊本県熊本市中央区本荘2-1-13",""
"小川 かな子","おがわ かなこ",96,"1930年05月11日","女","O","ogawa_511@example.ne.jp","0940-74-2665","050-7505-6594","830-8950","福岡県春日市春日原東町2-3-1107",""
"高橋 明美","たかはし あけみ",107,"1918年10月28日","女","B","akemi_takahashi@example.com","06-6042-0029","090-1761-9178","540-3917","大阪府大阪市城東区関目1-1-21",""
"内田 由理子","うちだ ゆりこ",75,"1951年03月16日","女","A","uchida_yuriko@example.jp","06-7746-9834","050-6732-4910","531-8969","大阪府大阪市中央区南船場3-5-12",""
"大内 朋弥","おおうち ともや",40,"1986年01月24日","男","A","ouchi_124@example.org","03-9044-2153","050-0437-0082","107-5521","東京都豊島区池袋4-2-7","株式会社大昌"
"藤原 健吾","ふじわら けんご",79,"1947年03月09日","男","B","fujiwara_39@example.jp","0736-06-4855","050-8266-4347","647-2836","和歌山県和歌山市松江東3-2-16シャルム510",""
"田村 玲子","たむら れいこ",31,"1995年08月30日","女","AB","tamurareiko@example.jp","0865-38-3736","080-1275-6842","702-9413","岡山県倉敷市児島唐琴1-3-904アパ314","合同会社ＪＵＮ"
"北川 倫江","きたがわ のりえ",36,"1989年12月10日","女","AB","kitagawanorie@example.jp","0274-48-0716","050-2797-8415","373-9480","群馬県桐生市広沢町2-5-1106","有限会社インフィニティ"
"岡田 久史","おかだ ひさし",45,"1981年04月15日","男","O","okada_hisashi@example.com","0174-41-8565","090-8975-5451","035-0170","青森県弘前市大字大清水3-3-7","株式会社セイワ"
"佐瀬 克巳","させ かつみ",43,"1983年09月06日","その他・不明","O","sase96@example.jp","0436-57-2855","070-5524-7887","267-9594","千葉県船橋市本町1-2-7ミラージュパレス204","株式会社RISE"
"阿久津 康史","あくつ やすし",77,"1949年01月20日","男","O","akutsu_yasushi@example.net","03-3410-4672","070-0934-1169","101-5081","東京都目黒区下目黒2-1-14",""
"藤波 良信","ふじなみ よしのぶ",66,"1960年08月27日","男","A","fujinami827@example.org","045-976-0728","080-4275-8723","213-4705","神奈川県川崎市幸区中幸町3-3-11ロジュマン705",""
"河田 佳菜","かわた かな",55,"1971年04月21日","女","B","kana_kawata@example.jp","03-1504-8196","090-5886-9604","139-5278","東京都江戸川区南葛西1-5-8サンメゾン306","合資会社エーテル"
"堀之内 昭子","ほりのうち あきこ",102,"1924年01月05日","女","AB","horinouchiakiko@example.ne.jp","06-2534-9579","090-6675-6699","532-2763","大阪府藤井寺市林3-2-10ヒルズ713",""
"河村 光一","かわむら こういち",23,"2002年12月18日","男","AB","koichikawamura@example.org","06-4030-7364","070-0833-2930","544-5623","大阪府大阪市北区大淀中2-3-8","合同会社ケイアンドジー企画"
"三輪 紀男","みわ のりお",25,"2001年05月14日","男","B","miwa514@example.jp","0495-06-4066","080-4623-2567","344-4244","埼玉県川口市前川3-5-20","永和吉企業有限会社"
"川崎 愛子","かわさき あいこ",117,"1909年09月21日","女","A","aiko_kawasaki@example.jp","06-2685-2227","070-0039-1465","565-1021","大阪府大阪市東住吉区鷹合1-2-9ライオンズ・グランフォート416",""
"浜口 華奈子","はまぐち かなこ",46,"1979年12月02日","女","O","hamaguchi_kanako@example.net","03-9505-7978","070-9848-9278","195-3153","東京都港区虎ノ門1-2-11エルズ514","合同会社松阪菜果"
"中村 由紀","なかむら ゆき",93,"1932年12月10日","その他・不明","A","yuki_nakamura@example.ne.jp","03-6365-3634","080-8031-3993","100-5278","東京都墨田区八広1-3-7",""
"石川 大輔","いしかわ だいすけ",62,"1964年05月28日","その他・不明","O","ishikawa_528@example.co.jp","06-7704-8442","070-6571-2210","573-1215","大阪府大阪市東淀川区東中島4-2-8",""
"石田 明","いしだ あきら",41,"1985年01月07日","男","O","ishida17@example.jp","03-4781-6351","050-2726-4227","158-4676","東京都品川区大崎2-1-9","合名会社山本太兵衛商店"
"高山 智之","たかやま ともゆき",112,"1914年06月20日","男","A","takayama_tomoyuki@example.com","0940-78-2216","050-6624-2311","837-0344","福岡県福岡市早良区原2-2-11",""
"小林 正俊","こばやし まさとし",103,"1923年03月31日","男","A","kobayashimasatoshi@example.jp","0964-65-8287","080-0577-4445","862-2915","熊本県熊本市西区横手2-2-609",""
"小笠原 ゆきえ","おがさわら ゆきえ",83,"1942年10月22日","女","O","ogasawara_1022@example.net","03-9236-8744","080-3355-7888","184-7319","東京都立川市砂川町3-3-15セラフ513",""
"辰巳 俊二","たつみ しゅんじ",28,"1998年05月15日","男","A","tatsumi_shunji@example.org","0767-15-7919","070-5446-4055","922-8907","石川県金沢市米泉町3-1-18","レインボー合資会社"
"大久保 由紀","おおくぼ ゆき",85,"1941年04月23日","女","A","okubo423@example.com","0585-66-3165","090-3641-6994","503-9962","岐阜県多治見市前畑町3-1-12",""
"三木 誠","みき まこと",107,"1919年09月10日","男","O","makotomiki@example.ne.jp","0965-50-1678","050-7400-1765","866-5433","熊本県熊本市中央区帯山1-1-8サンシティ412",""
"小林 佳祐","こばやし けいすけ",103,"1923年08月24日","男","A","kobayashi_824@example.org","0791-48-3226","050-8542-8267","676-1710","兵庫県姫路市玉手2-2-16",""
"坪井 和代","つぼい かずよ",69,"1957年05月17日","女","O","tsuboi_kazuyo@example.co.jp","03-6908-9544","090-0026-8971","126-3167","東京都中央区八丁堀2-5-21",""
"高橋 里香","たかはし りか",48,"1978年07月22日","女","B","rika_takahashi@example.org","0479-47-7853","080-4187-9434","291-7065","千葉県習志野市鷺沼台1-4-17","有限会社クレイン"
"小峰 貴子","こみね たかこ",106,"1920年04月12日","女","B","komine_takako@example.jp","03-5171-5973","070-6395-2966","150-0780","東京都港区新橋1-4-304",""
"福田 享子","ふくだ きょうこ",26,"2000年06月29日","女","O","fukudakyouko@example.com","0280-48-6635","080-5095-8494","314-7350","茨城県守谷市中央3-5-1103","佐藤工業株式会社"
"中野 浩子","なかの ひろこ",56,"1970年09月06日","女","A","nakano_hiroko@example.net","044-915-4381","090-0481-8881","257-5465","神奈川県横浜市鶴見区鶴見中央3-2-19","株式会社松本商店"
"片桐 真衣","かたぎり まい",95,"1931年08月20日","女","A","katagirimai@example.org","06-7170-3423","080-9774-7727","572-5304","大阪府大阪市城東区諏訪2-5-8",""
"木村 紘","きむら こう",103,"1923年07月09日","男","A","kimura79@example.ne.jp","079-340-2772","070-8439-9786","676-9328","兵庫県西宮市浜甲子園3-1-14",""
"前 正人","まえ まさと",52,"1974年02月05日","男","O","mae25@example.org","03-0155-2021","070-7989-8961","164-3438","東京都中央区月島2-2-16","合名会社鈴木機械工場"
"杉本 宏","すぎもと ひろし",20,"2006年06月17日","男","AB","sugimoto_hiroshi@example.ne.jp","0476-63-2147","070-3563-6998","291-3830","千葉県浦安市北栄1-1-7","株式会社アクセス"
"田口 綾","たぐち あや",118,"1908年06月06日","女","O","aya_taguchi@example.net","03-1346-2333","090-9009-1392","122-7062","東京都目黒区青葉台3-3-10",""
"松本 浩崇","まつもと ひろたか",117,"1909年08月20日","男","B","matsumoto_hirotaka@example.jp","0569-50-3868","070-8749-4451","446-5606","愛知県名古屋市北区上飯田東町2-3-10",""
"河嶋 正和","かわしま まさかず",114,"1912年07月24日","男","A","kawashima_724@example.ne.jp","0948-22-6017","090-7453-8050","805-3825","福岡県福岡市東区箱崎3-3-801",""
"黒澤 ひろみ","くろさわ ひろみ",22,"2004年03月05日","女","O","hiromikurosawa@example.net","03-3827-1753","080-8782-9695","167-7491","東京都練馬区高野台4-1-4","有限会社タケウチ"
"嶋田 和也","しまだ かずや",78,"1948年09月15日","男","A","shimada_kazuya@example.co.jp","0460-13-6184","070-2932-0680","210-3216","神奈川県川崎市幸区小倉4-1-8",""
"北原 幸哉","きたはら こうや",83,"1943年01月03日","男","AB","kitaharakoya@example.jp","06-1452-2035","090-4041-7510","552-6825","大阪府大東市野崎3-1-10エルズ106",""
"古賀 太一","こが たいち",91,"1934年10月27日","男","B","koga_taichi@example.ne.jp","0495-45-3111","050-9363-3141","368-8773","埼玉県所沢市緑町2-1-12",""
"後藤 徹","ごとう とおる",118,"1907年12月03日","男","O","goto_123@example.com","03-1214-6155","090-6077-4064","148-5025","東京都杉並区高井戸東1-3-4ガーデンハウス414",""
"白澤 哲也","しらさわ てつや",95,"1931年01月20日","男","O","tetsuyashirasawa@example.co.jp","06-4532-4592","080-1167-2092","533-4732","大阪府泉南市樽井4-3-8",""
"小畑 俊明","おばた としあき",47,"1979年07月04日","男","O","obata_74@example.com","03-2797-1878","050-3936-6092","128-2030","東京都世田谷区池尻1-3-6","有限会社ヤマダ"
"日向 淳","ひなた じゅん",48,"1977年10月20日","男","A","hinata_jun@example.ne.jp","03-3836-5040","050-6754-8757","117-7514","東京都杉並区高円寺南4-1-6",""
"井戸 千恵","いど ちえ",49,"1977年08月23日","女","A","chie_ido@example.com","09496-2-9161","090-9276-1553","800-7623","福岡県福岡市東区多の津1-3-21","大和興業株式会社"
"丸山 望","まるやま のぞみ",49,"1977年09月08日","男","O","maruyama_nozomi@example.jp","0146-67-7926","090-1883-5522","099-2109","北海道札幌市北区新琴似九条3-2-5","株式会社ホワイト"
"石川 ちひろ","いしかわ ちひろ",100,"1926年04月15日","女","B","ishikawa_415@example.co.jp","06-2341-5099","090-6656-4529","581-6906","大阪府大阪市北区天満3-5-1005",""
"古庄 正人","ふるしょう まさと",100,"1925年12月12日","男","A","masato_furushou@example.net","03-2549-7556","050-3557-1643","126-0448","東京都町田市中町3-1-5",""
"渡辺 達也","わたなべ たつや",44,"1982年01月27日","男","A","watanabe127@example.net","0554-94-2913","090-1125-7823","400-2021","山梨県甲府市中央1-2-8ワコーレ611","有限会社オガワ"
"大沼 健","おおぬま けん",31,"1995年07月26日","男","O","kenonuma@example.jp","03-8382-7664","080-4180-4004","134-8380","東京都中央区日本橋室町1-3-12イトーピア710","小林商事株式会社"
"安江 玲子","やすえ れいこ",90,"1936年08月22日","女","A","reiko_yasue@example.net","0480-55-0251","070-0861-6300","330-5079","埼玉県三郷市新和1-2-609サンシャイン710",""
"樋山 康秀","ひやま やすひで",24,"2001年12月04日","男","B","yasuhide_hiyama@example.jp","0736-96-0422","080-1558-1978","645-0978","和歌山県和歌山市砂山南3-1-6セントファミーユ408","石塚丸魚川健合資会社"
"古屋 麻衣","ふるや まい",54,"1971年11月10日","女","O","maifuruya@example.com","06-5896-6305","050-4038-3179","571-5962","大阪府大阪市淀川区西中島3-5-8","有限会社ワールド企画"
"星野 勉","ほしの つとむ",48,"1978年08月03日","男","B","hoshinotsutomu@example.net","0778-48-8008","050-9124-6816","913-5139","福井県福井市板垣1-1-22インペリアル813","合資会社枡屋商店"
"畑田 佑介","はただ ゆうすけ",58,"1968年01月09日","男","O","hatada_yuusuke@example.net","0875-73-5742","090-6828-6335","768-7826","香川県坂出市西大浜北3-3-7セントラルハイツ802","有限会社レオ"
"山本 唯","やまもと ゆい",44,"1982年08月29日","男","O","yuiyamamoto@example.net","0747-51-4956","050-3640-3404","637-9720","奈良県奈良市大宮町3-4-16",""
"笹井 孝","ささい たかし",26,"1999年12月22日","男","O","sasaitakashi@example.jp","06-4212-6605","090-6478-6024","595-7943","大阪府豊中市中桜塚2-1-7グランドメゾン804","株式会社田中商事"
"吉本 大輔","よしもと だいすけ",27,"1999年08月04日","男","A","yoshimoto_daisuke@example.ne.jp","06-6302-3890","080-4207-7014","556-9934","大阪府泉南市樽井2-2-808","株式会社TMK"
"平山 真由","ひらやま まゆき",55,"1971年06月24日","女","B","mayuki_hirayama@example.ne.jp","03-6805-0179","070-3244-7317","182-0452","東京都板橋区赤塚4-2-5","有限会社エール"
"村上 真千子","むらかみ まちこ",71,"1955年07月09日","女","AB","murakami_machiko@example.com","03-6105-7578","090-4725-3515","113-3009","東京都江東区豊洲1-5-7",""
"石井 美貴","いしい みき",107,"1919年09月07日","女","A","ishii_miki@example.ne.jp","0467-65-6928","080-9759-3596","257-7433","神奈川県横浜市西区花咲町3-4-14ヴィラデステ313",""
"小西 奈央","こにし なお",34,"1991年12月13日","女","A","nao_konishi@example.net","0581-80-8695","070-4461-8217","507-5248","岐阜県多治見市希望ケ丘3-3-12ロイヤル715","有限会社フォーチュン"
"高橋 弘美","たかはし ひろみ",74,"1952年01月07日","女","B","hiromitakahashi@example.net","0167-99-1215","090-5601-2967","083-9529","北海道札幌市中央区南十五条西2-4-13ハローマンション702",""
"亀崎 晋太郎","かめざき しんたろう",20,"2006年06月05日","男","O","shintaroukamezaki@example.com","03-9975-5367","090-7874-5900","193-2289","東京都港区高輪2-4-7","株式会社AIM"
"竹村 潤子","たけむら じゅんこ",41,"1984年11月19日","女","O","junko_takemura@example.org","03-1983-4057","070-9606-3798","179-2281","東京都大田区仲六郷1-5-18","株式会社ヤマト"
"大久保 隆志","おおくぼ たかし",75,"1951年08月21日","男","A","okubo821@example.com","0494-60-5585","070-6340-6093","369-0500","埼玉県川口市南鳩ヶ谷2-3-10",""
"森岡 聡子","もりおか さとこ",85,"1941年09月07日","女","B","morioka97@example.jp","09802-6-7711","070-5092-1543","903-3373","沖縄県那覇市首里鳥堀町3-2-15",""
"河本 麗","かわもと れい",52,"1974年01月13日","男","B","kawamoto_113@example.jp","01634-0-4110","050-5435-9208","075-6381","北海道旭川市永山一条4-2-8","有限会社エム企画"
"小笠 一夫","おがさ かずお",90,"1936年06月25日","男","O","ogasakazuo@example.com","03-0671-2248","050-7165-0919","171-5930","東京都港区南青山3-1-209アンビエント413",""
"永井 啓一","ながい けいいち",100,"1926年07月26日","男","B","nagai726@example.net","044-686-5870","050-9745-4192","244-3123","神奈川県横浜市南区中里2-3-22",""
"坂本 潤一","さかもと じゅんいち",26,"2000年02月12日","男","B","junichisakamoto@example.com","0867-88-9062","050-6275-2971","700-1669","岡山県岡山市北区野田3-5-1003","有限会社フォーユー"
"野上 ともこ","のがみ ともこ",29,"1997年04月01日","女","O","nogami41@example.jp","09802-3-3208","050-9764-4879","900-9740","沖縄県宜野湾市嘉数1-5-17","有限会社アイ"
"長谷川 剛","はせがわ つよし",39,"1987年06月30日","男","A","hasegawa_tsuyoshi@example.com","045-847-5639","070-5901-0029","251-3077","神奈川県座間市ひばりが丘3-3-10","合資会社田中農具商会"
"天谷 康雄","あまや やすお",82,"1943年11月04日","男","A","yasuo_amaya@example.org","0480-17-6182","050-8028-9391","357-2075","埼玉県さいたま市南区曲本1-5-9リッツハウス610",""
"本宮 宏和","もとみや ひろかず",71,"1954年12月03日","男","B","motomiyahirokazu@example.com","03-2675-3910","090-9478-9612","119-2333","東京都世田谷区鎌田2-1-4",""
"吉田 雅幸","よしだ まさゆき",107,"1918年10月30日","男","O","yoshida_1030@example.ne.jp","0466-87-3052","050-4549-4349","232-6195","神奈川県川崎市高津区二子1-5-407",""
"有澤 晋","ありさわ すすむ",113,"1913年07月31日","男","O","susumuarisawa@example.ne.jp","06-6029-0908","070-4028-3044","583-6258","大阪府大阪市北区西天満1-1-7",""
"吉田 太郎","よしだ たろう",108,"1918年09月12日","男","AB","yoshida_912@example.org","0827-82-2654","050-7161-0023","723-0876","広島県呉市中通2-3-19",""
"木暮 栄治","こぐれ えいじ",20,"2006年08月01日","男","O","eijikogure@example.co.jp","03-0255-3721","080-2845-0077","180-5203","東京都豊島区池袋4-2-4","株式会社ダイサン"
"中村 亮","なかむら りょう",59,"1967年08月26日","男","O","nakamura_826@example.net","03-5797-4841","080-2600-3686","114-6853","東京都品川区豊町4-2-3","有限会社マツヤ"
"岡部 寛也","おかべ ひろや",82,"1944年02月03日","男","A","okabe_23@example.net","0947-74-9712","050-7129-9559","839-7899","福岡県福岡市早良区百道浜2-1-12",""
"中山 和子","なかやま かずこ",32,"1994年04月22日","その他・不明","A","nakayamakazuko@example.ne.jp","03-2758-9663","070-0725-1867","119-2174","東京都品川区荏原3-2-5","株式会社大信"
"吉田 千恵","よしだ ちえ",49,"1977年09月25日","女","AB","yoshida_925@example.co.jp","0466-97-7498","080-0637-5162","216-2222","神奈川県横浜市中区相生町2-3-12","合資会社久盛社"
"田中 正和","たなか まさかず",117,"1909年09月14日","男","B","masakazu_tanaka@example.ne.jp","0289-47-3221","080-9005-9895","327-2268","栃木県宇都宮市富士見が丘1-3-5",""
"上野 光太郎","うえの みつたろう",70,"1956年07月25日","男","A","mitsutarouueno@example.net","0466-91-0636","090-1637-2281","258-2832","神奈川県藤沢市鵠沼海岸3-1-10",""
"水谷 将人","みずたに まさと",76,"1950年03月13日","男","B","masatomizutani@example.org","06-8482-2606","070-1354-7975","545-6440","大阪府大阪市中央区南船場2-1-902",""
"大橋 まさこ","おおはし まさこ",96,"1930年02月18日","女","B","ohashi_218@example.co.jp","03-4563-5576","080-4763-6753","187-1948","東京都江戸川区平井2-2-12",""
"芝崎 早織","しばさき さおり",40,"1986年05月13日","女","A","shibasaki513@example.jp","0974-30-3448","090-1527-5795","875-3470","大分県大分市都町1-3-10","有限会社アーネスト"
"藤本 奈津子","ふじもと なつこ",29,"1996年12月12日","女","AB","fujimoto1212@example.com","049-065-7523","080-0158-8937","354-5652","埼玉県戸田市上戸田4-3-9","合資会社ＩＴＴネット"
"前田 晋也","まえだ しんや",26,"2000年03月19日","男","A","shinyamaeda@example.jp","0495-02-1870","050-0210-1722","368-9966","埼玉県川口市戸塚1-2-8",""
"田島 伸之","たじま のぶゆき",40,"1986年01月05日","男","B","tajima_15@example.ne.jp","089-567-5095","080-5379-4281","798-0316","愛媛県今治市旭町3-5-3","富士商事株式会社"
"福永 隆平","ふくなが りゅうへい",101,"1925年01月20日","男","O","fukunaga_ryuuhei@example.jp","06-1920-0219","090-3488-5084","558-5804","大阪府大阪市福島区玉川2-3-10",""
"村上 昭彦","むらかみ あきひこ",78,"1948年02月01日","男","B","murakami_akihiko@example.ne.jp","03-5441-3294","080-3495-6149","188-4474","東京都墨田区両国3-1-13",""
"金子 忍","かねこ しのぶ",68,"1958年08月19日","男","O","kaneko_shinobu@example.com","03-1103-2588","050-5547-0393","118-3776","東京都大田区下丸子3-1-16",""
"近藤 実加","こんどう みか",50,"1975年12月15日","女","O","kondou1215@example.co.jp","0767-65-9006","050-3350-6435","925-5412","石川県河北郡内灘町字向粟崎2-3-9","株式会社エコテック"
"守屋 義典","もりや よしのり",39,"1987年04月08日","男","A","moriya_48@example.com","03-6330-1485","070-3852-9498","164-1952","東京都葛飾区水元1-5-17","株式会社藤和"
"澤村 由紀子","さわむら ゆきこ",40,"1986年05月28日","女","O","sawamurayukiko@example.net","03-3634-9717","090-2148-6158","149-7462","東京都港区新橋2-3-16","合同会社ＯＮＥＢＥＴ"
"伊藤 弘基","いとう ひろき",96,"1930年08月17日","男","A","hirokiito@example.com","03-3497-8864","080-9581-6485","105-9733","東京都府中市四谷1-3-904",""
"吉田 ヒロ","よしだ ひろ",105,"1921年08月16日","男","AB","yoshida816@example.jp","04-1769-8487","050-3204-3405","357-5755","埼玉県志木市本町2-4-5ヨークベル611",""
"山田 明美","やまだ あけみ",63,"1963年08月25日","女","A","akemi_yamada@example.org","01634-5-6635","050-4426-5440","077-1848","北海道留萌市末広町3-1-8",""
"縄田 弘祐","なわた こうすけ",32,"1994年01月04日","男","O","nawata14@example.net","0587-74-8491","090-1367-7690","480-2578","愛知県名古屋市瑞穂区田辺通2-3-4","三弘印刷有限会社"
"上野 孝治","うえの こうじ",54,"1972年03月05日","男","B","ueno_35@example.net","0778-54-6141","050-4073-0531","919-2500","福井県福井市御幸2-3-9","有限会社ケイアンドエム"
"高橋 芳人","たかはし よしひと",75,"1951年06月28日","男","A","takahashi628@example.org","03-4434-8339","080-5454-0813","104-4862","東京都練馬区氷川台3-2-302",""
"大中 弘一","おおなか こういち",103,"1923年01月29日","男","B","koichi_onaka@example.jp","0930-96-8148","090-3627-1511","837-0396","福岡県福岡市西区下山門3-4-105",""
"趙 真一郎","ちょう しんいちろう",90,"1936年07月05日","男","A","shinichiroucho@example.co.jp","03-3585-4458","050-7670-5133","135-2606","東京都港区芝浦2-3-16",""
"松嶋 文子","まつしま あやこ",20,"2006年07月19日","女","O","matsushima_719@example.org","03-0624-6502","090-7604-5616","120-1563","東京都港区南青山2-2-207","合名会社精和技研"
"木澤 克之","きざわ かつゆき",67,"1959年07月14日","男","A","kizawa714@example.org","0763-65-2909","090-5759-0701","933-1434","富山県高岡市戸出町3-5-14",""
"徳増 大輔","とくます だいすけ",111,"1915年01月25日","その他・不明","A","daisuke_tokumasu@example.com","03-8289-1656","050-2803-3469","163-4786","東京都江東区東陽1-3-22",""
"小林 哲郎","こばやし てつろう",102,"1924年05月14日","男","A","kobayashi514@example.org","046-318-2922","050-9822-2850","235-0988","神奈川県横浜市都筑区仲町台3-2-5",""
"大関 正人","おおぜき まさと",25,"2001年03月13日","男","A","ozeki_masato@example.net","0250-40-8422","050-8395-6623","955-8039","新潟県上越市仲町4-3-7グリーンハイツ604","小菅木材合資会社"
"川島 隆夫","かわしま たかお",54,"1972年04月13日","男","O","kawashima_413@example.jp","03-9801-3367","090-3726-8594","203-8518","東京都豊島区池袋4-2-7","株式会社田中組"
"金井 亮太","かない りょうた",83,"1942年12月09日","男","A","kanai_ryouta@example.co.jp","0266-34-2492","090-3601-1089","393-2343","長野県松本市筑摩3-1-3",""
"長谷川 剛","はせがわ つよし",82,"1944年04月30日","男","O","hasegawa_430@example.com","045-206-1811","070-4192-3293","257-3842","神奈川県茅ヶ崎市香川1-5-406",""
"山田 勝","やまだ まさる",61,"1965年08月06日","男","B","yamada_masaru@example.jp","03-6503-0887","090-7708-9428","158-1302","東京都杉並区和泉3-2-10ペルル216",""
"前川 雄太","まえかわ ゆうた",92,"1933年12月29日","男","O","maekawa1229@example.co.jp","0467-19-5994","050-3731-6499","256-0843","神奈川県海老名市東柏ケ谷1-2-1105",""
"大坂 順子","おおさか じゅんこ",39,"1987年04月23日","女","O","osakajunko@example.org","03-9662-0451","090-6155-8680","148-3135","東京都中央区八丁堀2-2-808",""
"上野 祐佳","うえの ゆか",101,"1925年03月04日","その他・不明","O","yukaueno@example.ne.jp","0157-15-9464","050-8176-4855","053-9204","北海道札幌市厚別区厚別中央三条2-4-505",""
"加藤 ふみ","かとう ふみ",78,"1948年02月26日","女","B","katofumi@example.net","06-6602-2849","090-8648-6942","535-1448","大阪府泉佐野市鶴原1-1-16アムール501",""
"大西 里美","おおにし さとみ",47,"1978年11月09日","女","A","satomi_onishi@example.co.jp","03-6179-0162","050-8383-5129","151-6474","東京都台東区東上野2-1-7",""
"杉山 勇人","すぎやま はやと",82,"1944年03月08日","男","B","sugiyama_38@example.ne.jp","0987-96-0446","090-1042-0278","882-0423","宮崎県宮崎市江南3-2-8",""
"大八木 優美子","おおやぎ ゆみこ",45,"1980年12月29日","女","O","oyagi1229@example.com","03-4796-9273","050-3217-7676","156-4036","東京都小金井市中町1-2-9","有限会社アクト"
"泉 準","いずみ じゅん",33,"1993年02月28日","男","A","junizumi@example.com","0493-41-7357","070-8386-3295","352-2963","埼玉県鴻巣市吹上本町1-3-9サンプリンス602","株式会社エフォート"
"松井 愛","まつい あい",25,"2001年08月27日","女","O","matsuiai@example.org","03-3611-6201","080-0065-3894","186-9930","東京都国立市東4-1-4",""
"新川 直樹","しんかわ なおき",73,"1953年07月07日","男","B","shinkawa77@example.org","042-241-3039","070-3146-2878","366-2992","埼玉県志木市幸町2-3-4",""
"中山 晃史","なかやま こうじ",71,"1955年06月10日","男","A","nakayama610@example.org","06-7856-6441","070-3207-1621","561-3551","大阪府大阪市住之江区南港東4-3-9",""
"白戸 志穂","しらと しほ",92,"1933年10月27日","その他・不明","A","shirato_shiho@example.com","06-6686-2760","090-6753-0427","566-9468","大阪府大阪市福島区玉川3-3-6",""
"原田 清隆","はらだ きよたか",40,"1985年11月19日","男","B","haradakiyotaka@example.ne.jp","0267-30-5935","050-3034-6319","390-2873","長野県岡谷市神明町4-2-9","株式会社システック"
"木村 悦子","きむら えつこ",59,"1967年07月29日","女","A","kimura729@example.ne.jp","045-029-3443","070-0055-3428","214-8523","神奈川県横浜市中区元町3-2-10","有限会社東洋商事"
"三浦 輝美","みうら てるよし",24,"2002年03月22日","女","O","miura_teruyoshi@example.net","03-4846-6155","090-0682-2476","126-5891","東京都江東区森下2-1-20セレッソコート707","合同会社ゼロサム"
"三輪 耕平","みわ こうへい",20,"2006年03月08日","男","A","kohei_miwa@example.ne.jp","0295-77-4111","050-8472-1824","313-9052","茨城県龍ケ崎市南が丘3-3-8","株式会社アイコー"
"平田 弘一","ひらた こういち",21,"2005年03月14日","男","A","koichi_hirata@example.ne.jp","0479-75-3501","050-7085-6332","276-7469","千葉県船橋市芝山2-2-504アンビエント202","合名会社紅屋洋品店"
"工藤 千恵","くどう ちえ",115,"1911年02月21日","女","AB","kudou221@example.net","09969-5-8793","070-4808-7069","896-0966","鹿児島県鹿児島市西陵3-3-3",""
"竹下 成美","たけした なるみ",83,"1942年12月28日","女","O","takeshita1228@example.org","06-1695-3271","080-9978-8021","554-7989","大阪府大阪市中央区南船場2-1-5",""
"杉本 拓志","すぎもと たくじ",73,"1953年06月12日","男","B","sugimoto_612@example.co.jp","0493-17-3155","080-5120-1086","333-5578","埼玉県八潮市大瀬1-2-404モンラヴィ512",""
"野村 崇之","のむら たかゆき",117,"1908年12月24日","男","A","takayukinomura@example.co.jp","03-4803-7216","090-3162-7459","124-2208","東京都杉並区高井戸東1-3-10",""
"仲 奈美子","なか なみこ",108,"1917年11月15日","その他・不明","O","naka1115@example.jp","0479-60-3430","050-3969-4398","282-0355","千葉県流山市平和台2-1-6",""
"村上 真衣","むらかみ まい",108,"1917年11月28日","女","O","murakami_1128@example.com","03-5605-3300","080-8908-6640","139-6763","東京都北区浮間3-4-706",""
"島崎 庸子","しまざき ようこ",43,"1982年11月01日","女","O","shimazakiyouko@example.jp","045-217-1107","050-2921-7454","252-1407","神奈川県横浜市西区みなとみらい2-3-5","株式会社優和"
"内海 達也","うつみ たつや",68,"1957年10月08日","男","O","utsumitatsuya@example.co.jp","0146-98-0970","080-6207-5805","002-1263","北海道札幌市北区北十条西1-3-6ヴィラン514",""
"滝川 有紀","たきがわ ゆき",32,"1994年07月18日","女","A","takigawa718@example.co.jp","0858-44-6343","090-1702-7026","680-6304","鳥取県米子市車尾1-1-7クレアコート415","株式会社SENSE"
"結城 幸子","ゆうき さちこ",36,"1990年04月19日","女","A","yuuki_419@example.jp","0947-56-6442","080-0141-2503","801-9211","福岡県福岡市早良区百道浜2-1-12","合同会社エトワール"
"前田 祐一","まえだ ゆういち",75,"1950年12月07日","男","A","yuuichimaeda@example.co.jp","03-2210-5381","050-2747-9049","193-4721","東京都港区芝2-3-12エグゼ315",""
"高畑 玲子","たかはた れいこ",28,"1998年05月05日","女","AB","reiko_takahata@example.net","0288-97-3390","080-5826-9833","326-1233","栃木県宇都宮市今泉2-2-8","有限会社オーシャン"
"清藤 昭徳","きよふじ あきのり",54,"1972年02月27日","男","A","kiyofuji_227@example.co.jp","022-293-4850","050-4691-9215","987-9521","宮城県仙台市泉区泉ケ丘2-1-7シャンボール310","合名会社高木明治館"
"奥谷 あす香","おくたに あすか",74,"1952年02月20日","女","A","okutani_220@example.com","03-3003-2745","080-0245-2376","181-1240","東京都港区芝4-2-6",""
"三浦 りえ","みうら りえ",71,"1954年12月05日","女","B","riemiura@example.ne.jp","0943-58-8569","090-7366-7266","833-2309","福岡県福岡市博多区中洲4-1-8",""
"村田 慎","むらた まこと",79,"1947年08月31日","その他・不明","B","muratamakoto@example.net","0263-17-3952","080-5431-4126","397-5861","長野県松本市蟻ケ崎4-3-3",""
"竹村 均","たけむら ひとし",72,"1953年10月26日","男","A","takemurahitoshi@example.ne.jp","0467-67-0971","070-4748-4788","226-0079","神奈川県横浜市中区住吉町2-1-504",""
"大津 祥子","おおつ しょうこ",34,"1992年09月13日","女","A","otsu913@example.jp","03-0109-5021","050-9051-2505","111-6999","東京都渋谷区恵比寿3-3-8","合名会社小泉精米所"
"原 博","はら ひろし",86,"1940年09月04日","男","A","hara_94@example.co.jp","0536-25-4698","050-5929-1693","477-4831","愛知県一宮市三ツ井3-1-4",""
"野村 博文","のむら ひろふみ",33,"1993年06月09日","男","A","nomurahirofumi@example.net","06-3717-8039","070-1903-5689","547-2815","大阪府大阪市住之江区安立1-1-10","ＡＡＡ毎月３８００円個人事業主様の記帳経理丸ごとパック全国税理士ネットワーク合資会社"
"真鍋 はるか","まなべ はるか",35,"1990年11月12日","女","A","haruka_manabe@example.net","0761-73-7556","090-6563-0587","922-8408","石川県金沢市大野町1-2-15","合資会社水戸製瓦所"
"野田 奈保子","のだ なおこ",22,"2004年03月10日","女","A","naoko_noda@example.co.jp","048-033-5453","070-1309-0065","348-2227","埼玉県所沢市東所沢3-2-4","合資会社枡屋商店"
"齋藤 俊司","さいとう しゅんじ",80,"1946年04月05日","男","B","shunji_saito@example.co.jp","03-2760-9582","050-7897-2788","162-0609","東京都渋谷区千駄ヶ谷1-4-17",""
"米田 勝彦","よねだ かつひこ",45,"1980年11月17日","男","A","yoneda1117@example.net","078-730-2160","080-1122-9444","672-1313","兵庫県尼崎市道意町2-5-13","株式会社ナカガワ"
"山崎 亮","やまざき りょう",114,"1912年05月05日","男","B","ryou_yamazaki@example.jp","03-6928-0640","090-8833-9311","206-7757","東京都新宿区四谷2-2-8",""
"坂田 秀則","さかた ひでのり",31,"1995年04月03日","男","O","sakata_hidenori@example.ne.jp","0288-89-2315","070-0269-0003","320-5252","栃木県宇都宮市上戸祭2-3-9ルネ306","有限会社サンテック"
"篠原 友貴","しのはら ゆき",62,"1964年04月18日","男","A","shinoharayuki@example.ne.jp","0948-42-1333","090-6144-2046","834-2365","福岡県福岡市東区和白東2-1-19",""
"川口 正之","かわぐち まさゆき",66,"1960年02月24日","男","A","kawaguchi_224@example.jp","03-1577-6675","050-4344-5809","100-9120","東京都板橋区徳丸3-3-705",""
"大隈 誠一","おおくま せいいち",75,"1951年02月04日","男","A","okumaseiichi@example.net","0142-70-2036","080-1844-4721","086-3081","北海道札幌市北区北九条西1-1-7",""
"永野 秀介","ながの しゅうすけ",49,"1976年11月01日","男","A","naganoshuusuke@example.net","045-533-8501","050-0344-1820","252-3276","神奈川県川崎市麻生区細山1-2-508","株式会社タクミ"
"中川 良太","なかがわ りょうた",31,"1995年05月27日","男","AB","ryouta_nakagawa@example.org","03-6424-5643","090-0344-2114","114-6026","東京都中央区銀座3-1-19","ｉＴｅｒｍｉｎａｌ合同会社"
"中村 京子","なかむら きょうこ",96,"1930年09月26日","女","A","nakamura_926@example.co.jp","03-1823-4129","090-4625-0297","196-0142","東京都江戸川区上篠崎3-2-3",""
"菅原 大輔","すがわら だいすけ",21,"2005年09月11日","男","O","daisuke_sugawara@example.ne.jp","03-0369-5760","080-6511-2986","122-0142","東京都荒川区荒川1-1-7","有限会社たかはし"
"池上 誠一郎","いけがみ せいいちろう",51,"1975年01月27日","男","O","ikegami_seiichirou@example.org","0466-86-9438","070-4209-5793","254-7649","神奈川県横浜市都筑区荏田東2-1-6","有限会社サンアイ"
"浦野 順一","うらの じゅんいち",22,"2004年05月10日","男","O","junichi_urano@example.com","0883-39-0353","050-8683-1808","770-7506","徳島県徳島市南田宮1-3-10グランドプラザ310",""
"鳥山 直木","とりやま なおき",50,"1976年09月23日","男","B","naokitoriyama@example.ne.jp","03-4008-0610","080-3520-9543","199-0629","東京都渋谷区代々木1-2-22","荒木茂彦プロモーション合同会社"
"富永 伸哉","とみなが しんや",80,"1946年05月07日","男","B","tominagashinya@example.jp","03-9415-5218","090-5998-2127","153-9443","東京都西東京市田無町2-1-16フォレスタージュ410",""
"中田 浩士","なかた ひろし",41,"1985年06月12日","男","A","nakata_hiroshi@example.jp","0297-06-8937","050-8219-2491","301-9870","茨城県神栖市神栖1-3-18ヴェルビュ501","合資会社久盛社"
"岡本 広樹","おかもと ひろき",43,"1983年07月25日","男","B","hirokiokamoto@example.net","0848-05-7786","070-9402-6300","737-8030","広島県福山市手城町2-1-15","有限会社井上商店"
"小西 由紀","こにし ゆき",101,"1925年06月13日","女","O","konishi_613@example.jp","078-490-2773","080-5375-4275","661-2487","兵庫県明石市魚住町住吉3-2-16フォレスタージュ406",""
"木島 伸之","きじま のぶゆき",28,"1997年12月01日","男","B","kijima121@example.jp","03-2328-3825","070-0795-1978","190-4008","東京都品川区小山3-4-9","株式会社三友"
"村井 雅史","むらい まさし",50,"1976年01月10日","男","O","muraimasashi@example.net","03-1416-0991","080-3378-8590","170-4836","東京都港区虎ノ門3-5-1101","茨城實用物産合名会社"
"相葉 太一","あいば たいち",30,"1996年03月19日","男","A","aiba319@example.co.jp","0947-37-1951","080-4122-5937","803-5941","福岡県福岡市博多区博多駅前1-3-4アービング101","株式会社メビウス"
"吉田 慎也","よしだ しんや",47,"1978年11月29日","男","O","yoshida1129@example.co.jp","0791-67-9466","070-4507-3387","674-1368","兵庫県神戸市中央区元町通2-4-22",""
"朝倉 優里","あさくら ゆり",82,"1944年03月28日","女","B","asakura328@example.com","045-901-1854","070-5252-2910","221-1632","神奈川県藤沢市辻堂東海岸2-5-1001",""
"本田 和真","ほんだ かずまさ",75,"1951年06月07日","男","O","kazumasahonda@example.ne.jp","0532-13-7794","050-1241-3934","447-6216","愛知県名古屋市千種区今池2-2-3",""
"早川 英二","はやかわ えいじ",20,"2005年11月30日","男","B","eiji_hayakawa@example.com","0572-89-8169","050-2458-3469","501-8383","岐阜県各務原市蘇原瑞穂町3-2-605","宮原瓦工業有限会社"
"村上 友彦","むらかみ ともひこ",115,"1911年01月22日","その他・不明","B","murakami122@example.ne.jp","01558-3-6522","050-1259-1281","072-7244","北海道旭川市流通団地二条2-1-7エヌヴィ702",""
"高野 泰二","たかの たいじ",53,"1973年08月05日","男","O","takano_taiji@example.net","0791-30-4347","050-9705-8155","666-2994","兵庫県神戸市中央区元町通1-3-9プロパレス805","合資会社丸合製茶工場"
"大島 あゆ子","おおしま あゆこ",79,"1946年11月27日","女","O","oshima_1127@example.com","03-2820-9954","070-3879-3364","171-9706","東京都世田谷区瀬田4-2-10",""
"佐藤 勝","さとう まさる",70,"1956年01月17日","男","B","masarusato@example.co.jp","03-5355-1027","070-7293-1312","175-8003","東京都新宿区下落合2-2-7",""
"大河原 洋平","おおかわら ようへい",42,"1984年01月10日","男","A","okawara_youhei@example.ne.jp","03-1605-0407","050-8156-9830","194-0392","東京都板橋区板橋3-5-15グランドプラザ409","合資会社マツダショップ"
"藤澤 保子","ふじさわ やすこ",98,"1927年11月14日","その他・不明","A","fujisawa1114@example.ne.jp","03-5236-2130","090-8879-4244","154-5388","東京都葛飾区柴又2-1-9",""
"田中 秀一","たなか しゅういち",47,"1979年07月30日","男","O","tanaka_shuuichi@example.jp","03-7405-3714","070-4839-8794","152-1806","東京都渋谷区広尾4-2-3","合同会社みらい"
"田村 芳久","たむら よしひさ",107,"1918年10月25日","男","B","tamura_yoshihisa@example.jp","06-1776-4153","070-4060-6343","559-3374","大阪府箕面市小野原東3-5-13ユーハウス615",""
"図師 有美子","ずし ゆみこ",48,"1978年01月24日","女","A","zushiyumiko@example.net","06-5951-2573","090-2783-0938","564-0379","大阪府大阪市東成区中道3-5-10","有限会社丸善"
"岡田 蘭","おかだ らん",77,"1948年12月21日","男","A","okada_ran@example.ne.jp","0439-86-8789","050-1307-6850","296-2241","千葉県習志野市津田沼1-3-901",""
"大原 琢磨","おおはら たくま",44,"1982年02月14日","男","B","ohara_214@example.jp","0463-19-3853","050-5792-3121","226-2164","神奈川県横浜市鶴見区鶴見中央1-2-4","有限会社エムケイ企画"
"森 貴仁","もり たかひと",117,"1909年06月09日","男","A","mori_takahito@example.org","09802-7-7282","090-6347-6510","909-5305","沖縄県沖縄市山内2-5-17",""
"太田 正人","おおた まさと",74,"1951年12月07日","男","B","otamasato@example.net","086-519-8601","090-3367-9968","707-7076","岡山県倉敷市児島小川2-2-6",""
"恩田 梨紗","おんだ りさ",42,"1984年09月03日","女","B","risaonda@example.co.jp","03-1242-7129","080-4295-4914","148-3725","東京都西東京市富士町2-2-5","有限会社ウイングス"
"鈴木 弘記","すずき ひろき",87,"1938年10月29日","男","A","hiroki_suzuki@example.jp","0745-92-7323","090-2191-5653","635-8708","奈良県奈良市平松3-1-14",""
"村岡 博之","むらおか ひろゆき",35,"1991年07月29日","男","AB","hiroyukimuraoka@example.org","0799-86-8279","080-6625-5379","651-8419","兵庫県神戸市灘区城内通1-1-5プロパレス416","有限会社大喜"
"五十嵐 真奈","いがらし まな",90,"1935年11月28日","女","O","igarashi1128@example.co.jp","0892-96-0468","070-4592-7528","795-3842","愛媛県今治市郷桜井3-5-21",""
"鈴木 道夫","すずき みちお",46,"1980年05月07日","男","O","suzuki_57@example.com","0761-57-2347","050-6475-2476","925-1916","石川県金沢市石引3-3-708","有限会社カワサキ"
"青山 和宏","あおやま かずひろ",90,"1936年05月04日","男","AB","aoyamakazuhiro@example.org","03-3752-0748","090-7465-0200","155-2141","東京都北区浮間3-4-706",""
"町田 清二","まちだ せいじ",93,"1932年11月21日","男","B","machidaseiji@example.co.jp","0794-91-7937","070-4540-3185","660-5671","兵庫県姫路市神子岡前2-2-3",""
"鈴木 美帆","すずき みほ",47,"1978年11月17日","女","B","suzukimiho@example.net","0584-98-6419","070-8948-2052","505-1343","岐阜県可児市広見1-1-3ロイヤルシャトー611",""
"大山 智成","おおやま ともなり",84,"1942年02月17日","その他・不明","AB","oyama_tomonari@example.jp","0532-46-9223","070-8996-1207","491-6062","愛知県名古屋市中村区名駅南3-1-14",""
"菊池 哲宏","きくち あきひろ",73,"1952年11月01日","男","A","akihirokikuchi@example.ne.jp","03-8521-9460","080-6876-7314","134-7175","東京都港区六本木4-1-7",""
"町田 由里香","まちだ ゆりか",21,"2005年05月24日","女","O","machida_yurika@example.co.jp","03-3760-0293","050-3491-7240","143-4234","東京都練馬区中村北1-2-907","合資会社額賀産業社"
"松原 瑞穂","まつばら みずほ",43,"1983年08月23日","女","O","mizuho_matsubara@example.ne.jp","06-0715-8203","050-2496-9873","544-5286","大阪府大阪市西淀川区佃4-2-7エルグレース213","有限会社みやび"
"北岡 嘉明","きたおか よしあき",47,"1979年01月04日","男","O","yoshiaki_kitaoka@example.jp","046-678-0218","090-0084-0212","212-8095","神奈川県相模原市南区相模台2-1-17","古山自働車合資会社"
"田中 典子","たなか のりこ",29,"1997年04月17日","その他・不明","O","tanaka_417@example.net","0791-06-0990","070-1354-2856","664-1038","兵庫県神戸市中央区加納町2-3-21","株式会社トリニティ"
"小林 美代子","こばやし みよこ",88,"1938年01月20日","女","A","miyokokobayashi@example.ne.jp","03-2417-5084","050-2583-8873","160-0749","東京都渋谷区恵比寿3-5-16",""
"橋本 亨","はしもと とおる",113,"1912年10月24日","男","O","hashimoto_tooru@example.org","0493-25-4557","050-6646-1959","337-5154","埼玉県越谷市七左町2-3-10セントポリア510",""
"永井 通子","ながい みちこ",105,"1921年05月20日","女","O","nagai_520@example.ne.jp","06-3442-2678","070-5028-0943","541-4794","大阪府大阪市城東区関目2-3-3",""
"大塚 由香","おおつか ゆか",52,"1974年04月05日","女","A","yukaotsuka@example.net","0165-66-6096","090-5786-2110","056-9367","北海道旭川市新星町1-3-9","有限会社三恵"
"関 龍生","せき たつお",46,"1980年04月28日","男","B","seki_428@example.co.jp","03-6999-4939","080-7071-1307","157-9923","東京都品川区西五反田2-2-1205","有限会社アイランド"
"速水 慎也","はやみ しんや",65,"1961年02月04日","男","A","hayami_24@example.com","093-056-9147","080-3911-8082","836-4209","福岡県春日市春日原東町2-2-6",""
"島田 文弘","しまだ ふみひろ",91,"1935年04月06日","男","O","shimadafumihiro@example.org","046-615-5082","080-6323-3382","227-6399","神奈川県横浜市港北区菊名1-1-8",""
"森本 佳也","もりもと よしや",93,"1933年04月10日","男","A","yoshiyamorimoto@example.ne.jp","0572-71-9157","050-2396-8053","503-4647","岐阜県多治見市金岡町1-3-6",""
"中村 崇","なかむら たかし",61,"1965年06月21日","男","O","takashi_nakamura@example.co.jp","0578-47-7857","090-9901-2899","500-2967","岐阜県岐阜市上土居3-2-7",""
"畑中 はるな","はたなか はるな",65,"1961年02月04日","女","AB","hatanaka_haruna@example.jp","06-0991-9809","090-7578-8502","568-9730","大阪府大阪市中央区南久宝寺町2-3-12",""
"川原田 雅斗","かわはらだ まさと",78,"1948年03月04日","男","A","kawaharada34@example.jp","03-9429-0178","080-1347-8517","185-1215","東京都中央区日本橋本町1-4-3",""
"伊藤 亨","いとう とおる",78,"1947年12月22日","男","A","ito_1222@example.net","03-4883-9477","050-9147-3754","126-4928","東京都渋谷区神宮前1-2-5",""
"家村 孝雄","いえむら たかお",56,"1969年11月07日","その他・不明","B","iemuratakao@example.jp","03-9230-0706","080-9633-9753","182-4297","東京都墨田区業平1-3-7",""
"北野 惠子","きたの けいこ",42,"1984年06月15日","女","A","kitanokeiko@example.ne.jp","03-9729-0466","070-5949-3089","100-1731","東京都多摩市永山4-3-9",""
"関 晃一","せき こういち",111,"1914年11月22日","男","B","seki1122@example.net","0226-48-4504","080-9452-1652","989-4639","宮城県塩竈市清水沢1-4-809",""
"金子 希美","かねこ のぞみ",86,"1940年01月22日","女","A","kaneko122@example.jp","0737-32-2884","080-7215-1543","641-0544","和歌山県和歌山市舟津町3-1-8",""
"西田 俊彦","にしだ としひこ",113,"1912年10月13日","その他・不明","A","nishidatoshihiko@example.co.jp","0740-76-6446","080-3777-1194","522-4585","滋賀県守山市勝部4-1-5",""
"中西 彩子","なかにし さいこ",104,"1922年02月04日","女","B","saiko_nakanishi@example.co.jp","03-9007-7857","090-4221-9772","193-2078","東京都渋谷区神宮前1-3-3",""
"池上 信幸","いけがみ のぶゆき",90,"1936年04月16日","男","A","ikegami416@example.net","06-9388-8234","050-6650-0419","589-4650","大阪府大阪市北区天神橋4-1-7",""
"小俣 翠","おまた みどり",43,"1982年10月27日","女","B","midori_omata@example.net","03-1239-3907","050-1352-8678","175-4652","東京都台東区寿2-2-10パレス503","有限会社ゼロ"
"山田 光","やまだ ひかる",47,"1979年03月08日","男","A","hikaru_yamada@example.jp","0494-93-1358","050-6358-3159","362-7334","埼玉県さいたま市岩槻区府内1-2-9","アクト株式会社"
"田中 なみ","たなか なみ",51,"1975年06月11日","女","A","tanaka_611@example.co.jp","045-721-6258","070-5682-9974","232-8725","神奈川県川崎市麻生区王禅寺東3-1-6","合同会社王氏商会"
"遠藤 舞","えんどう まい",81,"1944年10月19日","女","B","endou_1019@example.co.jp","03-3334-4657","090-6989-7401","183-5844","東京都港区白金3-3-18",""
"久岡 秀夫","ひさおか ひでお",79,"1946年10月16日","男","A","hisaoka_1016@example.ne.jp","03-5189-4803","070-5560-7494","105-9623","東京都港区虎ノ門2-2-17",""
"北川 貴洋","きたがわ たかひろ",67,"1959年01月17日","男","O","takahiro_kitagawa@example.co.jp","04-9276-4693","080-8429-3115","333-1249","埼玉県さいたま市浦和区上木崎3-3-7",""
"雑賀 里奈","さいか りな",24,"2002年07月28日","女","O","saika728@example.jp","03-2696-0298","070-3273-7797","200-5641","東京都江東区亀戸2-1-6","有限会社西村商店"
"中嶋 政浩","なかじま まさひろ",112,"1914年09月22日","男","B","nakajimamasahiro@example.ne.jp","03-7160-9587","080-5964-6269","197-8505","東京都墨田区業平2-4-409",""
"足立 浩","あだち ひろし",54,"1972年03月10日","男","A","adachi_hiroshi@example.net","03-5737-3419","080-4615-3724","104-7851","東京都東村山市秋津町2-1-6ハイタウン111","合資会社服部"
"黒川 晋一郎","くろかわ しんいちろう",108,"1917年11月19日","男","B","shinichiroukurokawa@example.net","0256-24-1124","070-4215-9801","944-6029","新潟県新潟市東区江南1-2-1005",""
"小川 和彦","おがわ かずひこ",92,"1934年01月03日","男","B","ogawa_kazuhiko@example.ne.jp","03-9486-2355","050-4694-7809","182-9993","東京都新宿区新宿3-3-8",""
"大西 宏","おおにし ひろし",112,"1914年09月06日","男","B","hiroshi_onishi@example.co.jp","0586-45-0905","050-0822-6367","495-4671","愛知県一宮市多加木2-3-702",""
"杉原 利彦","すぎはら かずひこ",46,"1980年09月18日","男","A","kazuhiko_sugihara@example.jp","0224-65-5644","090-6611-9102","986-8171","宮城県仙台市宮城野区榴岡3-4-902","合資会社箕輪興業社"
"土屋 知子","つちや ともこ",82,"1944年02月14日","女","O","tsuchiya_214@example.ne.jp","0467-32-2067","080-0887-1700","247-4065","神奈川県座間市入谷4-2-3",""
"原 悟史","はら さとし",60,"1966年06月29日","男","B","hara629@example.net","0466-11-4003","080-0714-5339","232-8213","神奈川県横浜市神奈川区松見町1-1-705","株式会社オーキッド"
"中川 恵美","なかがわ えみ",26,"2000年04月13日","女","O","emi_nakagawa@example.org","03-4987-0692","070-8453-8798","168-9141","東京都台東区台東3-2-9グランパラッシオ305",""
"吉元 一平","よしもと いっぺい",30,"1996年09月13日","男","AB","yoshimoto_ippei@example.org","03-0769-8808","090-0804-7721","209-5284","東京都板橋区常盤台2-3-7","合資会社矢口商店"
"小高 大介","おだか だいすけ",113,"1912年11月20日","男","O","daisuke_odaka@example.org","0949-75-8160","080-4239-3934","833-3368","福岡県福岡市早良区賀茂3-1-13",""
"豊田 美奈","とよだ みな",25,"2001年05月20日","女","A","toyoda_mina@example.net","03-1013-5156","080-2781-5718","137-1737","東京都調布市西つつじケ丘3-4-1007","株式会社中商"
"片岡 沙希","かたおか さき",70,"1956年01月27日","女","O","kataoka_saki@example.jp","0968-63-0392","070-7704-1285","864-1365","熊本県熊本市中央区国府1-1-8パークハイツ506",""
"服部 貴夫","はっとり たかお",65,"1961年06月04日","男","A","takao_hattori@example.jp","03-5563-7391","080-9547-6175","104-2115","東京都港区六本木1-2-6",""
"西村 哲朗","にしむら てつろう",61,"1965年07月10日","男","AB","nishimuratetsurou@example.com","0463-64-2372","050-0350-2173","248-3758","神奈川県横浜市緑区白山2-1-7ゾフィー513",""
"佐々木 一義","ささき かずよし",87,"1939年03月24日","男","A","kazuyoshisasaki@example.org","0224-56-2313","050-7955-5360","986-4266","宮城県仙台市若林区上飯田3-3-6",""
"横山 渉","よこやま わたる",27,"1998年10月23日","男","O","wataru_yokoyama@example.net","0493-11-1291","080-2206-8418","339-7929","埼玉県越谷市大間野町2-1-8コスモハイツ807","株式会社アイプランニング"
"小松 彩","こまつ あや",52,"1974年01月23日","女","B","aya_komatsu@example.org","03-2027-4596","090-6802-0569","129-6353","東京都台東区蔵前1-2-904","株式会社めぐみ"
"坂本 圭","さかもと けい",61,"1964年10月25日","男","A","keisakamoto@example.org","03-7970-1861","090-4061-4772","189-6582","東京都板橋区前野町2-3-10",""
"多田 康裕","ただ やすひろ",112,"1913年10月13日","男","O","tada_1013@example.com","0145-49-3322","080-9624-8399","040-0879","北海道苫前郡羽幌町南六条3-2-20パークナード706",""
"岩野 覚","いわの さとる",107,"1918年11月09日","男","O","iwano_satoru@example.org","03-5436-6750","050-3593-6258","205-8116","東京都江東区森下3-4-3",""
"岡田 日出夫","おかだ ひでお",108,"1918年07月13日","男","A","hideookada@example.com","0561-39-0416","050-7228-3730","459-7960","愛知県名古屋市中区大須2-1-6",""
"小林 淳一","こばやし じゅんいち",80,"1945年09月27日","男","O","kobayashi_927@example.net","06-0204-0961","050-9202-8036","538-0140","大阪府大阪市西区新町2-2-16",""
"佐々木 裕喜","ささき ゆうき",45,"1980年10月10日","男","B","yuuki_sasaki@example.ne.jp","0940-46-5465","070-2765-9811","838-9696","福岡県春日市春日原北町1-5-705","合資会社東亜商會"
